{
  "type": "FeatureCollection",
  "features": [
    {
      "type": "Feature",
      "properties": {
        "@id": "way/28826856",
        "leisure": "park",
        "name": "Parque de la Ciudad"
      },
      "geometry": {
        "type": "Polygon",
        "coordinates": [
          [
            [
              -62.3127803,
              -38.6907082
            ],
            [
              -62.3129995,
              -38.6905806
            ],
            [
              -62.3163616,
              -38.6932769
            ],
            [
              -62.3136807,
              -38.6953118
            ],
            [
              -62.3118795,
              -38.6938775
            ],
            [
              -62.3117359,
              -38.6937631
            ],
            [
              -62.3096991,
              -38.6921411
            ],
            [
              -62.3121808,
              -38.6902456
            ],
            [
              -62.3127803,
              -38.6907082
            ]
          ]
        ]
      },
      "id": "way/28826856"
    },
    {
      "type": "Feature",
      "properties": {
        "@id": "way/101711442",
        "landuse": "grass"
      },
      "geometry": {
        "type": "Polygon",
        "coordinates": [
          [
            [
              -55.9711894,
              -27.398556
            ],
            [
              -55.9712024,
              -27.3984547
            ],
            [
              -55.9712529,
              -27.3983642
            ],
            [
              -55.9713327,
              -27.3982923
            ],
            [
              -55.9714339,
              -27.3982462
            ],
            [
              -55.9715462,
              -27.3982305
            ],
            [
              -55.9716585,
              -27.3982468
            ],
            [
              -55.9717593,
              -27.3982934
            ],
            [
              -55.9718387,
              -27.3983658
            ],
            [
              -55.9718906,
              -27.3984545
            ],
            [
              -55.9720527,
              -27.3993379
            ],
            [
              -55.9720358,
              -27.3994377
            ],
            [
              -55.9719835,
              -27.3995249
            ],
            [
              -55.9719037,
              -27.3995938
            ],
            [
              -55.9718041,
              -27.3996378
            ],
            [
              -55.9716942,
              -27.3996528
            ],
            [
              -55.9715843,
              -27.3996373
            ],
            [
              -55.9714849,
              -27.3995928
            ],
            [
              -55.9714056,
              -27.3995236
            ],
            [
              -55.9713516,
              -27.3994394
            ],
            [
              -55.9711894,
              -27.398556
            ]
          ]
        ]
      },
      "id": "way/101711442"
    },
    {
      "type": "Feature",
      "properties": {
        "@id": "way/108565993",
        "natural": "water",
        "water": "pond"
      },
      "geometry": {
        "type": "Polygon",
        "coordinates": [
          [
            [
              -55.9695649,
              -27.3994112
            ],
            [
              -55.9694946,
              -27.399511
            ],
            [
              -55.9693822,
              -27.39959
            ],
            [
              -55.9692651,
              -27.3997023
            ],
            [
              -55.9691526,
              -27.3997356
            ],
            [
              -55.9690168,
              -27.3997522
            ],
            [
              -55.9689137,
              -27.3997148
            ],
            [
              -55.9688294,
              -27.3995609
            ],
            [
              -55.9687872,
              -27.3993446
            ],
            [
              -55.9687966,
              -27.3992116
            ],
            [
              -55.9688388,
              -27.3990701
            ],
            [
              -55.9691152,
              -27.3990577
            ],
            [
              -55.9693916,
              -27.39912
            ],
            [
              -55.9693916,
              -27.3992282
            ],
            [
              -55.9694525,
              -27.3993322
            ],
            [
              -55.9695649,
              -27.3994112
            ]
          ]
        ]
      },
      "id": "way/108565993"
    },
    {
      "type": "Feature",
      "properties": {
        "@id": "way/243244768",
        "leisure": "park",
        "name": "Parque de la Ciudad"
      },
      "geometry": {
        "type": "Polygon",
        "coordinates": [
          [
            [
              -66.8929489,
              -29.4445997
            ],
            [
              -66.8927597,
              -29.4444073
            ],
            [
              -66.8919093,
              -29.4357025
            ],
            [
              -66.8919821,
              -29.4356515
            ],
            [
              -66.8946316,
              -29.4362548
            ],
            [
              -66.8975309,
              -29.4368901
            ],
            [
              -66.897682,
              -29.4369253
            ],
            [
              -66.9013437,
              -29.4377754
            ],
            [
              -66.9016121,
              -29.4378886
            ],
            [
              -66.9018722,
              -29.4380621
            ],
            [
              -66.8998181,
              -29.4395756
            ],
            [
              -66.8994268,
              -29.4399573
            ],
            [
              -66.8973882,
              -29.4420665
            ],
            [
              -66.8955494,
              -29.4438186
            ],
            [
              -66.8950181,
              -29.4442186
            ],
            [
              -66.8943375,
              -29.4444884
            ],
            [
              -66.8939889,
              -29.4445511
            ],
            [
              -66.8929489,
              -29.4445997
            ]
          ]
        ]
      },
      "id": "way/243244768"
    },
    {
      "type": "Feature",
      "properties": {
        "@id": "way/245675286",
        "leisure": "park",
        "name": "Parque de la Ciudad",
        "wheelchair": "yes"
      },
      "geometry": {
        "type": "Polygon",
        "coordinates": [
          [
            [
              -67.499387,
              -29.1547163
            ],
            [
              -67.4993873,
              -29.1546698
            ],
            [
              -67.4994184,
              -29.1546249
            ],
            [
              -67.4994978,
              -29.1545838
            ],
            [
              -67.5015579,
              -29.1536597
            ],
            [
              -67.5016029,
              -29.1536648
            ],
            [
              -67.5017403,
              -29.1537458
            ],
            [
              -67.5017706,
              -29.1538022
            ],
            [
              -67.5020268,
              -29.1539536
            ],
            [
              -67.5027548,
              -29.154332
            ],
            [
              -67.5027996,
              -29.1543322
            ],
            [
              -67.5029923,
              -29.1544447
            ],
            [
              -67.5030179,
              -29.1544806
            ],
            [
              -67.50331,
              -29.1546307
            ],
            [
              -67.5033883,
              -29.1546272
            ],
            [
              -67.5035403,
              -29.1547065
            ],
            [
              -67.5035721,
              -29.154752
            ],
            [
              -67.5035694,
              -29.1547959
            ],
            [
              -67.5033094,
              -29.1553096
            ],
            [
              -67.5002121,
              -29.1564217
            ],
            [
              -67.499387,
              -29.1547163
            ]
          ]
        ]
      },
      "id": "way/245675286"
    },
    {
      "type": "Feature",
      "properties": {
        "@id": "way/256125992",
        "leisure": "park",
        "name": "Parque de la Ciudad"
      },
      "geometry": {
        "type": "Polygon",
        "coordinates": [
          [
            [
              -55.9731167,
              -27.4062309
            ],
            [
              -55.9661533,
              -27.4013332
            ],
            [
              -55.964937,
              -27.4001024
            ],
            [
              -55.9644898,
              -27.3997487
            ],
            [
              -55.964482,
              -27.3996541
            ],
            [
              -55.9645305,
              -27.3995826
            ],
            [
              -55.9659933,
              -27.3990747
            ],
            [
              -55.9688317,
              -27.3981461
            ],
            [
              -55.9692789,
              -27.3980594
            ],
            [
              -55.9733119,
              -27.3975902
            ],
            [
              -55.9732131,
              -27.4028707
            ],
            [
              -55.9731167,
              -27.4062309
            ]
          ]
        ]
      },
      "id": "way/256125992"
    },
    {
      "type": "Feature",
      "properties": {
        "@id": "way/257598018",
        "area": "yes",
        "highway": "pedestrian",
        "name": "Monster"
      },
      "geometry": {
        "type": "Polygon",
        "coordinates": [
          [
            [
              -58.4529371,
              -34.6722012
            ],
            [
              -58.4529626,
              -34.6721781
            ],
            [
              -58.4529958,
              -34.6721628
            ],
            [
              -58.4530098,
              -34.672118
            ],
            [
              -58.4530192,
              -34.6720672
            ],
            [
              -58.4530856,
              -34.6720797
            ],
            [
              -58.4531569,
              -34.6720931
            ],
            [
              -58.4531319,
              -34.6721971
            ],
            [
              -58.4531496,
              -34.6722268
            ],
            [
              -58.4531542,
              -34.6722595
            ],
            [
              -58.4531452,
              -34.6722917
            ],
            [
              -58.4531237,
              -34.6723195
            ],
            [
              -58.4530921,
              -34.6723398
            ],
            [
              -58.453054,
              -34.6723502
            ],
            [
              -58.4530139,
              -34.6723496
            ],
            [
              -58.4529764,
              -34.672338
            ],
            [
              -58.4529471,
              -34.672318
            ],
            [
              -58.4529271,
              -34.6722914
            ],
            [
              -58.4529183,
              -34.672261
            ],
            [
              -58.4529218,
              -34.6722299
            ],
            [
              -58.4529371,
              -34.6722012
            ]
          ]
        ]
      },
      "id": "way/257598018"
    },
    {
      "type": "Feature",
      "properties": {
        "@id": "way/264763539",
        "area": "yes",
        "landcover": "trees"
      },
      "geometry": {
        "type": "Polygon",
        "coordinates": [
          [
            [
              -55.9732906,
              -27.4025532
            ],
            [
              -55.9734389,
              -27.4027307
            ],
            [
              -55.9736228,
              -27.4028594
            ],
            [
              -55.9738079,
              -27.402897
            ],
            [
              -55.9739953,
              -27.4028897
            ],
            [
              -55.9740741,
              -27.4029531
            ],
            [
              -55.9740732,
              -27.4030712
            ],
            [
              -55.9739446,
              -27.4032131
            ],
            [
              -55.9738529,
              -27.4033352
            ],
            [
              -55.9737849,
              -27.4035318
            ],
            [
              -55.9737519,
              -27.4037243
            ],
            [
              -55.9736903,
              -27.4038946
            ],
            [
              -55.9734238,
              -27.403815
            ],
            [
              -55.9732035,
              -27.4035233
            ],
            [
              -55.9729398,
              -27.4033667
            ],
            [
              -55.9729322,
              -27.4031791
            ],
            [
              -55.9730877,
              -27.4032005
            ],
            [
              -55.9731923,
              -27.4031076
            ],
            [
              -55.9730913,
              -27.4028389
            ],
            [
              -55.9731374,
              -27.4025665
            ],
            [
              -55.9732017,
              -27.4025082
            ],
            [
              -55.9732906,
              -27.4025532
            ]
          ]
        ]
      },
      "id": "way/264763539"
    },
    {
      "type": "Feature",
      "properties": {
        "@id": "way/288051142",
        "leisure": "pitch",
        "sport": "field_hockey"
      },
      "geometry": {
        "type": "Polygon",
        "coordinates": [
          [
            [
              -55.9683191,
              -27.4012592
            ],
            [
              -55.9683543,
              -27.4021165
            ],
            [
              -55.9677551,
              -27.4021359
            ],
            [
              -55.9677199,
              -27.4012786
            ],
            [
              -55.9683191,
              -27.4012592
            ]
          ]
        ]
      },
      "id": "way/288051142"
    },
    {
      "type": "Feature",
      "properties": {
        "@id": "way/288051145",
        "building": "yes",
        "sport": "multi"
      },
      "geometry": {
        "type": "Polygon",
        "coordinates": [
          [
            [
              -55.9675632,
              -27.4014177
            ],
            [
              -55.9675673,
              -27.4016309
            ],
            [
              -55.9671877,
              -27.4016366
            ],
            [
              -55.9671837,
              -27.4014234
            ],
            [
              -55.9675632,
              -27.4014177
            ]
          ]
        ]
      },
      "id": "way/288051145"
    },
    {
      "type": "Feature",
      "properties": {
        "@id": "way/290024044",
        "building": "yes"
      },
      "geometry": {
        "type": "Polygon",
        "coordinates": [
          [
            [
              -62.3138784,
              -38.6925748
            ],
            [
              -62.3137118,
              -38.6927065
            ],
            [
              -62.3136185,
              -38.6926347
            ],
            [
              -62.3137852,
              -38.692503
            ],
            [
              -62.3138784,
              -38.6925748
            ]
          ]
        ]
      },
      "id": "way/290024044"
    },
    {
      "type": "Feature",
      "properties": {
        "@id": "way/290024045",
        "addr:city": "Bahia Blanca",
        "addr:housenumber": 3702,
        "addr:postcode": "B8003APV",
        "addr:street": "Castelli",
        "building": "yes",
        "description": "Colecciones de fósiles y calcos, cuyo eje temático es la evolución desde el origen del universo hasta el presente, incluyendo al hombre. las salas destinadas a ciencia y tecnología tienen una propuesta interactiva.",
        "museum": "science",
        "name": "Museo de Ciencias",
        "phone": "+54 291 4883266",
        "start_date": 1996,
        "tourism": "museum"
      },
      "geometry": {
        "type": "Polygon",
        "coordinates": [
          [
            [
              -62.3127043,
              -38.6920078
            ],
            [
              -62.3125699,
              -38.6921098
            ],
            [
              -62.3124163,
              -38.6919866
            ],
            [
              -62.3125507,
              -38.6918846
            ],
            [
              -62.3127043,
              -38.6920078
            ]
          ]
        ]
      },
      "id": "way/290024045"
    },
    {
      "type": "Feature",
      "properties": {
        "@id": "way/290024046",
        "building": "yes"
      },
      "geometry": {
        "type": "Polygon",
        "coordinates": [
          [
            [
              -62.3138551,
              -38.6921408
            ],
            [
              -62.3140829,
              -38.6923233
            ],
            [
              -62.3140052,
              -38.6923824
            ],
            [
              -62.3137774,
              -38.6921999
            ],
            [
              -62.3138551,
              -38.6921408
            ]
          ]
        ]
      },
      "id": "way/290024046"
    },
    {
      "type": "Feature",
      "properties": {
        "@id": "way/290024077",
        "natural": "water"
      },
      "geometry": {
        "type": "Polygon",
        "coordinates": [
          [
            [
              -62.3129293,
              -38.692033
            ],
            [
              -62.3129727,
              -38.6920335
            ],
            [
              -62.3130137,
              -38.6920531
            ],
            [
              -62.3130362,
              -38.6920918
            ],
            [
              -62.3130329,
              -38.6921187
            ],
            [
              -62.3130088,
              -38.6921489
            ],
            [
              -62.31298,
              -38.6921627
            ],
            [
              -62.3129182,
              -38.6921624
            ],
            [
              -62.3128827,
              -38.6921425
            ],
            [
              -62.3128637,
              -38.6921103
            ],
            [
              -62.3128683,
              -38.6920747
            ],
            [
              -62.3128929,
              -38.6920475
            ],
            [
              -62.3129293,
              -38.692033
            ]
          ]
        ]
      },
      "id": "way/290024077"
    },
    {
      "type": "Feature",
      "properties": {
        "@id": "way/290024078",
        "leisure": "pitch",
        "sport": "soccer"
      },
      "geometry": {
        "type": "Polygon",
        "coordinates": [
          [
            [
              -62.3145578,
              -38.6944062
            ],
            [
              -62.3137732,
              -38.6950123
            ],
            [
              -62.3132279,
              -38.6945823
            ],
            [
              -62.3140125,
              -38.6939762
            ],
            [
              -62.3145578,
              -38.6944062
            ]
          ]
        ]
      },
      "id": "way/290024078"
    },
    {
      "type": "Feature",
      "properties": {
        "@id": "way/290024080",
        "leisure": "pitch",
        "sport": "soccer"
      },
      "geometry": {
        "type": "Polygon",
        "coordinates": [
          [
            [
              -62.311898,
              -38.6923413
            ],
            [
              -62.3126666,
              -38.6929369
            ],
            [
              -62.3121714,
              -38.6933262
            ],
            [
              -62.3114028,
              -38.6927306
            ],
            [
              -62.311898,
              -38.6923413
            ]
          ]
        ]
      },
      "id": "way/290024080"
    },
    {
      "type": "Feature",
      "properties": {
        "@id": "way/332744059",
        "leisure": "park",
        "name": "Parque de la Ciudad"
      },
      "geometry": {
        "type": "Polygon",
        "coordinates": [
          [
            [
              -61.1013101,
              -31.735189
            ],
            [
              -61.099438,
              -31.735561
            ],
            [
              -61.0991877,
              -31.7346012
            ],
            [
              -61.0989261,
              -31.7336136
            ],
            [
              -61.0976117,
              -31.7338332
            ],
            [
              -61.0971676,
              -31.7319895
            ],
            [
              -61.1003394,
              -31.7313969
            ],
            [
              -61.1013101,
              -31.735189
            ]
          ]
        ]
      },
      "id": "way/332744059"
    },
    {
      "type": "Feature",
      "properties": {
        "@id": "way/345421686",
        "leisure": "pitch",
        "sport": "multi",
        "surface": "grass"
      },
      "geometry": {
        "type": "Polygon",
        "coordinates": [
          [
            [
              -55.972867,
              -27.4042098
            ],
            [
              -55.972749,
              -27.4042352
            ],
            [
              -55.9727014,
              -27.4040605
            ],
            [
              -55.9728194,
              -27.4040351
            ],
            [
              -55.972867,
              -27.4042098
            ]
          ]
        ]
      },
      "id": "way/345421686"
    },
    {
      "type": "Feature",
      "properties": {
        "@id": "way/345421688",
        "leisure": "pitch",
        "sport": "soccer",
        "surface": "grass"
      },
      "geometry": {
        "type": "Polygon",
        "coordinates": [
          [
            [
              -55.9724644,
              -27.3989494
            ],
            [
              -55.9724181,
              -27.3981651
            ],
            [
              -55.9729908,
              -27.3981384
            ],
            [
              -55.9730371,
              -27.3989228
            ],
            [
              -55.9724644,
              -27.3989494
            ]
          ]
        ]
      },
      "id": "way/345421688"
    },
    {
      "type": "Feature",
      "properties": {
        "@id": "way/345421690",
        "leisure": "pitch",
        "sport": "multi",
        "surface": "grass"
      },
      "geometry": {
        "type": "Polygon",
        "coordinates": [
          [
            [
              -55.972794,
              -27.4035491
            ],
            [
              -55.9726344,
              -27.4035804
            ],
            [
              -55.9725729,
              -27.4033327
            ],
            [
              -55.9727324,
              -27.4033014
            ],
            [
              -55.972794,
              -27.4035491
            ]
          ]
        ]
      },
      "id": "way/345421690"
    },
    {
      "type": "Feature",
      "properties": {
        "@id": "way/345421692",
        "leisure": "pitch",
        "sport": "multi",
        "surface": "grass"
      },
      "geometry": {
        "type": "Polygon",
        "coordinates": [
          [
            [
              -55.9730449,
              -27.4047876
            ],
            [
              -55.9727649,
              -27.4048532
            ],
            [
              -55.9727125,
              -27.4046766
            ],
            [
              -55.9729925,
              -27.4046111
            ],
            [
              -55.9730449,
              -27.4047876
            ]
          ]
        ]
      },
      "id": "way/345421692"
    },
    {
      "type": "Feature",
      "properties": {
        "@id": "way/345421694",
        "leisure": "pitch",
        "sport": "multi",
        "surface": "grass"
      },
      "geometry": {
        "type": "Polygon",
        "coordinates": [
          [
            [
              -55.9729795,
              -27.4045086
            ],
            [
              -55.9726995,
              -27.4045742
            ],
            [
              -55.972647,
              -27.4043976
            ],
            [
              -55.9729271,
              -27.4043321
            ],
            [
              -55.9729795,
              -27.4045086
            ]
          ]
        ]
      },
      "id": "way/345421694"
    },
    {
      "type": "Feature",
      "properties": {
        "@id": "way/345421695",
        "leisure": "pitch",
        "sport": "multi",
        "surface": "grass"
      },
      "geometry": {
        "type": "Polygon",
        "coordinates": [
          [
            [
              -55.9728922,
              -27.4038845
            ],
            [
              -55.9727299,
              -27.4039223
            ],
            [
              -55.9726638,
              -27.4036986
            ],
            [
              -55.972826,
              -27.4036608
            ],
            [
              -55.9728922,
              -27.4038845
            ]
          ]
        ]
      },
      "id": "way/345421695"
    },
    {
      "type": "Feature",
      "properties": {
        "@id": "way/345421697",
        "building": "yes"
      },
      "geometry": {
        "type": "Polygon",
        "coordinates": [
          [
            [
              -55.9721033,
              -27.4000155
            ],
            [
              -55.9719528,
              -27.4000397
            ],
            [
              -55.9719446,
              -27.4
            ],
            [
              -55.9720951,
              -27.3999758
            ],
            [
              -55.9721033,
              -27.4000155
            ]
          ]
        ]
      },
      "id": "way/345421697"
    },
    {
      "type": "Feature",
      "properties": {
        "@id": "way/345421702",
        "building": "yes"
      },
      "geometry": {
        "type": "Polygon",
        "coordinates": [
          [
            [
              -55.9725029,
              -27.3997558
            ],
            [
              -55.9722486,
              -27.3997968
            ],
            [
              -55.9722312,
              -27.3997119
            ],
            [
              -55.9724855,
              -27.3996709
            ],
            [
              -55.9725029,
              -27.3997558
            ]
          ]
        ]
      },
      "id": "way/345421702"
    },
    {
      "type": "Feature",
      "properties": {
        "@id": "way/345421703",
        "building": "yes"
      },
      "geometry": {
        "type": "Polygon",
        "coordinates": [
          [
            [
              -55.9706375,
              -27.4042417
            ],
            [
              -55.97058,
              -27.4043222
            ],
            [
              -55.9704957,
              -27.4042748
            ],
            [
              -55.9705532,
              -27.4041942
            ],
            [
              -55.9706375,
              -27.4042417
            ]
          ]
        ]
      },
      "id": "way/345421703"
    },
    {
      "type": "Feature",
      "properties": {
        "@id": "way/345421705",
        "building": "yes"
      },
      "geometry": {
        "type": "Polygon",
        "coordinates": [
          [
            [
              -55.9721824,
              -27.4041004
            ],
            [
              -55.9722839,
              -27.4040831
            ],
            [
              -55.9723177,
              -27.4042396
            ],
            [
              -55.9722162,
              -27.4042569
            ],
            [
              -55.9721824,
              -27.4041004
            ]
          ]
        ]
      },
      "id": "way/345421705"
    },
    {
      "type": "Feature",
      "properties": {
        "@id": "way/371455975",
        "building": "stadium",
        "name": "Superdomo",
        "source": "estimated",
        "source:date": 2015,
        "source:url": "http://www.fenix951.com.ar/nuevo_2013/noticia.php?id=45559"
      },
      "geometry": {
        "type": "Polygon",
        "coordinates": [
          [
            [
              -66.8937776,
              -29.440333
            ],
            [
              -66.8938562,
              -29.4404205
            ],
            [
              -66.8939084,
              -29.4405219
            ],
            [
              -66.8939312,
              -29.4406312
            ],
            [
              -66.8939233,
              -29.4407421
            ],
            [
              -66.8938852,
              -29.4408482
            ],
            [
              -66.893819,
              -29.4409432
            ],
            [
              -66.8937287,
              -29.4410216
            ],
            [
              -66.8936194,
              -29.441079
            ],
            [
              -66.8934975,
              -29.4411119
            ],
            [
              -66.8933702,
              -29.4411184
            ],
            [
              -66.8932447,
              -29.4410982
            ],
            [
              -66.8931285,
              -29.4410525
            ],
            [
              -66.8930281,
              -29.4409839
            ],
            [
              -66.8929496,
              -29.4408963
            ],
            [
              -66.8928974,
              -29.4407949
            ],
            [
              -66.8928746,
              -29.4406856
            ],
            [
              -66.8928825,
              -29.4405747
            ],
            [
              -66.8929206,
              -29.4404687
            ],
            [
              -66.8929867,
              -29.4403737
            ],
            [
              -66.8930771,
              -29.4402952
            ],
            [
              -66.8931864,
              -29.4402379
            ],
            [
              -66.8933082,
              -29.440205
            ],
            [
              -66.8934356,
              -29.4401984
            ],
            [
              -66.893561,
              -29.4402186
            ],
            [
              -66.8936773,
              -29.4402643
            ],
            [
              -66.8937776,
              -29.440333
            ]
          ]
        ]
      },
      "id": "way/371455975"
    },
    {
      "type": "Feature",
      "properties": {
        "@id": "way/403558105",
        "leisure": "pitch",
        "name": "Campo de Fútbol Público",
        "sport": "soccer"
      },
      "geometry": {
        "type": "Polygon",
        "coordinates": [
          [
            [
              -55.055258,
              -26.9305814
            ],
            [
              -55.0552657,
              -26.9310517
            ],
            [
              -55.054901,
              -26.9310564
            ],
            [
              -55.0548933,
              -26.9305861
            ],
            [
              -55.055258,
              -26.9305814
            ]
          ]
        ]
      },
      "id": "way/403558105"
    },
    {
      "type": "Feature",
      "properties": {
        "@id": "way/403558106",
        "leisure": "pitch",
        "sport": "basketball"
      },
      "geometry": {
        "type": "Polygon",
        "coordinates": [
          [
            [
              -55.0549414,
              -26.9312589
            ],
            [
              -55.0549534,
              -26.9315634
            ],
            [
              -55.0547418,
              -26.9315701
            ],
            [
              -55.0547297,
              -26.9312655
            ],
            [
              -55.0549414,
              -26.9312589
            ]
          ]
        ]
      },
      "id": "way/403558106"
    },
    {
      "type": "Feature",
      "properties": {
        "@id": "way/406090332",
        "addr:city": "San Carlos Centro",
        "addr:postcode": "S3013",
        "addr:street": "Saavedra",
        "description": "Paseo_Parque_de_la_Ciudad",
        "leisure": "pitch",
        "name": "Cancha de Futbol",
        "sport": "soccer",
        "surface": "paved"
      },
      "geometry": {
        "type": "Polygon",
        "coordinates": [
          [
            [
              -61.0999391,
              -31.7346706
            ],
            [
              -61.0996482,
              -31.7343939
            ],
            [
              -61.0998253,
              -31.7342592
            ],
            [
              -61.1001163,
              -31.7345359
            ],
            [
              -61.0999391,
              -31.7346706
            ]
          ]
        ]
      },
      "id": "way/406090332"
    },
    {
      "type": "Feature",
      "properties": {
        "@id": "way/406090333",
        "amenity": "toilets",
        "building": "yes"
      },
      "geometry": {
        "type": "Polygon",
        "coordinates": [
          [
            [
              -61.1006014,
              -31.733665
            ],
            [
              -61.1006193,
              -31.7336807
            ],
            [
              -61.1005649,
              -31.7337223
            ],
            [
              -61.1005482,
              -31.7337058
            ],
            [
              -61.1006014,
              -31.733665
            ]
          ]
        ]
      },
      "id": "way/406090333"
    },
    {
      "type": "Feature",
      "properties": {
        "@id": "way/408349350",
        "addr:city": "Comodoro Rivadavia",
        "addr:postcode": 9000,
        "addr:street": "Avenida General Libertador San Martín",
        "leisure": "park",
        "name": "Parque de la Ciudad",
        "official_name": "Parque Marcelo Guinle"
      },
      "geometry": {
        "type": "Polygon",
        "coordinates": [
          [
            [
              -67.4732515,
              -45.8438015
            ],
            [
              -67.4737358,
              -45.8433604
            ],
            [
              -67.4746519,
              -45.843325
            ],
            [
              -67.4750487,
              -45.8429382
            ],
            [
              -67.4759016,
              -45.8433417
            ],
            [
              -67.4759781,
              -45.8434295
            ],
            [
              -67.4760171,
              -45.8435471
            ],
            [
              -67.4751453,
              -45.8461968
            ],
            [
              -67.4750957,
              -45.8462173
            ],
            [
              -67.4740201,
              -45.8454718
            ],
            [
              -67.473953,
              -45.8453783
            ],
            [
              -67.4739631,
              -45.8451252
            ],
            [
              -67.474016,
              -45.8451112
            ],
            [
              -67.4743956,
              -45.8451242
            ],
            [
              -67.4744412,
              -45.8447187
            ],
            [
              -67.4732006,
              -45.8448327
            ],
            [
              -67.47308,
              -45.8443321
            ],
            [
              -67.4732515,
              -45.8438015
            ]
          ]
        ]
      },
      "id": "way/408349350"
    },
    {
      "type": "Feature",
      "properties": {
        "@id": "way/462695444",
        "leisure": "pitch",
        "sport": "tennis"
      },
      "geometry": {
        "type": "Polygon",
        "coordinates": [
          [
            [
              -55.9681584,
              -27.4007482
            ],
            [
              -55.9681567,
              -27.4009871
            ],
            [
              -55.9680269,
              -27.4009863
            ],
            [
              -55.9680286,
              -27.4007475
            ],
            [
              -55.9681584,
              -27.4007482
            ]
          ]
        ]
      },
      "id": "way/462695444"
    },
    {
      "type": "Feature",
      "properties": {
        "@id": "way/462695445",
        "leisure": "pitch",
        "sport": "tennis"
      },
      "geometry": {
        "type": "Polygon",
        "coordinates": [
          [
            [
              -55.9683394,
              -27.4007482
            ],
            [
              -55.9683377,
              -27.4009871
            ],
            [
              -55.968208,
              -27.4009863
            ],
            [
              -55.9682097,
              -27.4007475
            ],
            [
              -55.9683394,
              -27.4007482
            ]
          ]
        ]
      },
      "id": "way/462695445"
    },
    {
      "type": "Feature",
      "properties": {
        "@id": "way/462695446",
        "leisure": "pitch",
        "sport": "tennis"
      },
      "geometry": {
        "type": "Polygon",
        "coordinates": [
          [
            [
              -55.9685245,
              -27.4007506
            ],
            [
              -55.9685228,
              -27.4009894
            ],
            [
              -55.9683931,
              -27.4009887
            ],
            [
              -55.9683947,
              -27.4007499
            ],
            [
              -55.9685245,
              -27.4007506
            ]
          ]
        ]
      },
      "id": "way/462695446"
    },
    {
      "type": "Feature",
      "properties": {
        "@id": "way/462695447",
        "leisure": "pitch",
        "sport": "tennis"
      },
      "geometry": {
        "type": "Polygon",
        "coordinates": [
          [
            [
              -55.9677332,
              -27.400768
            ],
            [
              -55.9677316,
              -27.4010068
            ],
            [
              -55.9676018,
              -27.4010061
            ],
            [
              -55.9676035,
              -27.4007672
            ],
            [
              -55.9677332,
              -27.400768
            ]
          ]
        ]
      },
      "id": "way/462695447"
    },
    {
      "type": "Feature",
      "properties": {
        "@id": "way/462695448",
        "building": "roof"
      },
      "geometry": {
        "type": "Polygon",
        "coordinates": [
          [
            [
              -55.9664826,
              -27.3992279
            ],
            [
              -55.9664493,
              -27.3992391
            ],
            [
              -55.9663957,
              -27.3992572
            ],
            [
              -55.9663329,
              -27.3992783
            ],
            [
              -55.9663008,
              -27.3991946
            ],
            [
              -55.9663519,
              -27.3991776
            ],
            [
              -55.9664209,
              -27.3991546
            ],
            [
              -55.9664493,
              -27.3991452
            ],
            [
              -55.9664826,
              -27.3992279
            ]
          ]
        ]
      },
      "id": "way/462695448"
    },
    {
      "type": "Feature",
      "properties": {
        "@id": "way/462695449",
        "addr:city": "Posadas",
        "addr:country": "AR",
        "addr:housenumber": 5400,
        "addr:place": "Parque de la Ciudad",
        "addr:street": "Avenida José Sorsana",
        "contact:phone": "+54 376 442 6530",
        "leisure": "sports_centre",
        "name": "Centro Provincial de Alto Rendimiento Deportivo",
        "operator": "Ministerio de Deportes. Gobierno de la Provincia de Misiones",
        "sport": "multi"
      },
      "geometry": {
        "type": "Polygon",
        "coordinates": [
          [
            [
              -55.969103,
              -27.4011801
            ],
            [
              -55.9691224,
              -27.4021334
            ],
            [
              -55.9693403,
              -27.4023629
            ],
            [
              -55.9686537,
              -27.4027868
            ],
            [
              -55.9676291,
              -27.4020915
            ],
            [
              -55.9662665,
              -27.4011294
            ],
            [
              -55.9645848,
              -27.3997411
            ],
            [
              -55.9645848,
              -27.3996554
            ],
            [
              -55.9646277,
              -27.3996125
            ],
            [
              -55.9663932,
              -27.3991229
            ],
            [
              -55.9666528,
              -27.3990398
            ],
            [
              -55.9671528,
              -27.3988394
            ],
            [
              -55.9680841,
              -27.398626
            ],
            [
              -55.9687653,
              -27.4002227
            ],
            [
              -55.969103,
              -27.4011801
            ]
          ]
        ]
      },
      "id": "way/462695449"
    },
    {
      "type": "Feature",
      "properties": {
        "@id": "way/464661654",
        "building": "yes"
      },
      "geometry": {
        "type": "Polygon",
        "coordinates": [
          [
            [
              -55.9717593,
              -27.3999175
            ],
            [
              -55.9716439,
              -27.3999363
            ],
            [
              -55.9716275,
              -27.3998569
            ],
            [
              -55.9717429,
              -27.3998381
            ],
            [
              -55.9717593,
              -27.3999175
            ]
          ]
        ]
      },
      "id": "way/464661654"
    },
    {
      "type": "Feature",
      "properties": {
        "@id": "way/464662549",
        "leisure": "pitch",
        "sport": "soccer",
        "surface": "ground"
      },
      "geometry": {
        "type": "Polygon",
        "coordinates": [
          [
            [
              -55.9698635,
              -27.4011728
            ],
            [
              -55.9698582,
              -27.4020682
            ],
            [
              -55.9692467,
              -27.4020653
            ],
            [
              -55.969252,
              -27.4011699
            ],
            [
              -55.9698635,
              -27.4011728
            ]
          ]
        ]
      },
      "id": "way/464662549"
    },
    {
      "type": "Feature",
      "properties": {
        "@id": "way/464662550",
        "leisure": "pitch",
        "sport": "soccer",
        "surface": "ground"
      },
      "geometry": {
        "type": "Polygon",
        "coordinates": [
          [
            [
              -55.9704938,
              -27.4013047
            ],
            [
              -55.9705422,
              -27.401981
            ],
            [
              -55.9701721,
              -27.4019638
            ],
            [
              -55.9701829,
              -27.401297
            ],
            [
              -55.9704938,
              -27.4013047
            ]
          ]
        ]
      },
      "id": "way/464662550"
    },
    {
      "type": "Feature",
      "properties": {
        "@id": "way/504484600",
        "description": "laberinto",
        "leisure": "playground"
      },
      "geometry": {
        "type": "Polygon",
        "coordinates": [
          [
            [
              -55.0546098,
              -26.930408
            ],
            [
              -55.0545998,
              -26.9305806
            ],
            [
              -55.0545164,
              -26.9305768
            ],
            [
              -55.0545102,
              -26.9306835
            ],
            [
              -55.0544611,
              -26.9306813
            ],
            [
              -55.0544587,
              -26.9307228
            ],
            [
              -55.0542872,
              -26.9307149
            ],
            [
              -55.0543058,
              -26.930394
            ],
            [
              -55.0546098,
              -26.930408
            ]
          ]
        ]
      },
      "id": "way/504484600"
    },
    {
      "type": "Feature",
      "properties": {
        "@id": "way/531159945",
        "building": "yes"
      },
      "geometry": {
        "type": "Polygon",
        "coordinates": [
          [
            [
              -55.9679879,
              -27.4011122
            ],
            [
              -55.9680888,
              -27.4011108
            ],
            [
              -55.9680892,
              -27.4011356
            ],
            [
              -55.9681218,
              -27.4011351
            ],
            [
              -55.9681225,
              -27.4011755
            ],
            [
              -55.9680891,
              -27.4011759
            ],
            [
              -55.9680895,
              -27.4011989
            ],
            [
              -55.9679894,
              -27.4012002
            ],
            [
              -55.9679879,
              -27.4011122
            ]
          ]
        ]
      },
      "id": "way/531159945"
    },
    {
      "type": "Feature",
      "properties": {
        "@id": "way/531159946",
        "building": "yes"
      },
      "geometry": {
        "type": "Polygon",
        "coordinates": [
          [
            [
              -55.9683136,
              -27.401105
            ],
            [
              -55.9683147,
              -27.4011931
            ],
            [
              -55.9682114,
              -27.401194
            ],
            [
              -55.9682111,
              -27.4011712
            ],
            [
              -55.968178,
              -27.4011715
            ],
            [
              -55.9681775,
              -27.4011312
            ],
            [
              -55.9682111,
              -27.4011309
            ],
            [
              -55.9682108,
              -27.4011059
            ],
            [
              -55.9683136,
              -27.401105
            ]
          ]
        ]
      },
      "id": "way/531159946"
    },
    {
      "type": "Feature",
      "properties": {
        "@id": "way/531159948",
        "building": "yes"
      },
      "geometry": {
        "type": "Polygon",
        "coordinates": [
          [
            [
              -55.9666704,
              -27.4010142
            ],
            [
              -55.966458,
              -27.4012189
            ],
            [
              -55.9663617,
              -27.4011401
            ],
            [
              -55.9665742,
              -27.4009354
            ],
            [
              -55.9666704,
              -27.4010142
            ]
          ]
        ]
      },
      "id": "way/531159948"
    },
    {
      "type": "Feature",
      "properties": {
        "@id": "way/531159949",
        "building": "yes"
      },
      "geometry": {
        "type": "Polygon",
        "coordinates": [
          [
            [
              -55.9675119,
              -27.4018484
            ],
            [
              -55.967451,
              -27.4019223
            ],
            [
              -55.9673695,
              -27.4018693
            ],
            [
              -55.9674317,
              -27.401794
            ],
            [
              -55.9674518,
              -27.4018071
            ],
            [
              -55.9674722,
              -27.4017824
            ],
            [
              -55.9675102,
              -27.4018071
            ],
            [
              -55.9674887,
              -27.4018332
            ],
            [
              -55.9675119,
              -27.4018484
            ]
          ]
        ]
      },
      "id": "way/531159949"
    },
    {
      "type": "Feature",
      "properties": {
        "@id": "way/531159950",
        "building": "yes"
      },
      "geometry": {
        "type": "Polygon",
        "coordinates": [
          [
            [
              -55.9676043,
              -27.4019178
            ],
            [
              -55.9675434,
              -27.4019917
            ],
            [
              -55.9674619,
              -27.4019387
            ],
            [
              -55.9675241,
              -27.4018634
            ],
            [
              -55.9675442,
              -27.4018765
            ],
            [
              -55.9675646,
              -27.4018518
            ],
            [
              -55.9676026,
              -27.4018765
            ],
            [
              -55.9675811,
              -27.4019026
            ],
            [
              -55.9676043,
              -27.4019178
            ]
          ]
        ]
      },
      "id": "way/531159950"
    },
    {
      "type": "Feature",
      "properties": {
        "@id": "way/531159951",
        "leisure": "pitch",
        "sport": "field_hockey"
      },
      "geometry": {
        "type": "Polygon",
        "coordinates": [
          [
            [
              -55.969011,
              -27.4012436
            ],
            [
              -55.9690462,
              -27.4021009
            ],
            [
              -55.968447,
              -27.4021203
            ],
            [
              -55.9684118,
              -27.401263
            ],
            [
              -55.969011,
              -27.4012436
            ]
          ]
        ]
      },
      "id": "way/531159951"
    },
    {
      "type": "Feature",
      "properties": {
        "@id": "way/531159952",
        "leisure": "track",
        "sport": "cycling",
        "surface": "asphalt"
      },
      "geometry": {
        "type": "Polygon",
        "coordinates": [
          [
            [
              -55.9713934,
              -27.4018562
            ],
            [
              -55.9712765,
              -27.4018437
            ],
            [
              -55.971176,
              -27.4018085
            ],
            [
              -55.9710887,
              -27.4017519
            ],
            [
              -55.9710143,
              -27.4016709
            ],
            [
              -55.9707528,
              -27.400822
            ],
            [
              -55.9707457,
              -27.4007284
            ],
            [
              -55.9707601,
              -27.4006354
            ],
            [
              -55.9707951,
              -27.4005468
            ],
            [
              -55.9708495,
              -27.4004663
            ],
            [
              -55.970921,
              -27.4003971
            ],
            [
              -55.9710067,
              -27.4003421
            ],
            [
              -55.9711101,
              -27.4003007
            ],
            [
              -55.9725551,
              -27.3999602
            ],
            [
              -55.9726705,
              -27.3999409
            ],
            [
              -55.972779,
              -27.3999481
            ],
            [
              -55.9728817,
              -27.3999799
            ],
            [
              -55.9729717,
              -27.4000341
            ],
            [
              -55.9730429,
              -27.4001072
            ],
            [
              -55.9730903,
              -27.4001941
            ],
            [
              -55.9731126,
              -27.4002965
            ],
            [
              -55.9730924,
              -27.4014041
            ],
            [
              -55.9730664,
              -27.4014971
            ],
            [
              -55.973024,
              -27.4015795
            ],
            [
              -55.9729654,
              -27.4016535
            ],
            [
              -55.9728924,
              -27.4017168
            ],
            [
              -55.9728077,
              -27.4017671
            ],
            [
              -55.9727139,
              -27.4018027
            ],
            [
              -55.9726085,
              -27.4018236
            ],
            [
              -55.9713934,
              -27.4018562
            ]
          ]
        ]
      },
      "id": "way/531159952"
    },
    {
      "type": "Feature",
      "properties": {
        "@id": "way/531160683",
        "access": "customers",
        "amenity": "parking",
        "fee": "no",
        "operator": "Centro Provincial de Alto Rendimiento Deportivo",
        "parking": "surface",
        "surface": "unpaved"
      },
      "geometry": {
        "type": "Polygon",
        "coordinates": [
          [
            [
              -55.9674594,
              -27.4008386
            ],
            [
              -55.9674609,
              -27.4012536
            ],
            [
              -55.9671399,
              -27.4012545
            ],
            [
              -55.9671384,
              -27.4008396
            ],
            [
              -55.9674594,
              -27.4008386
            ]
          ]
        ]
      },
      "id": "way/531160683"
    },
    {
      "type": "Feature",
      "properties": {
        "@id": "way/574824199",
        "amenity": "fountain"
      },
      "geometry": {
        "type": "Polygon",
        "coordinates": [
          [
            [
              -67.502095,
              -29.1544764
            ],
            [
              -67.5014367,
              -29.1541228
            ],
            [
              -67.5015675,
              -29.1540189
            ],
            [
              -67.5020708,
              -29.1542928
            ],
            [
              -67.502095,
              -29.1544764
            ]
          ]
        ]
      },
      "id": "way/574824199"
    },
    {
      "type": "Feature",
      "properties": {
        "@id": "way/574824200",
        "amenity": "fountain"
      },
      "geometry": {
        "type": "Polygon",
        "coordinates": [
          [
            [
              -67.5027709,
              -29.1548022
            ],
            [
              -67.5023473,
              -29.1547713
            ],
            [
              -67.5023103,
              -29.1544145
            ],
            [
              -67.5026985,
              -29.1546236
            ],
            [
              -67.5027709,
              -29.1548022
            ]
          ]
        ]
      },
      "id": "way/574824200"
    },
    {
      "type": "Feature",
      "properties": {
        "@id": "way/574824202",
        "leisure": "playground"
      },
      "geometry": {
        "type": "Polygon",
        "coordinates": [
          [
            [
              -67.5008985,
              -29.1551802
            ],
            [
              -67.5008009,
              -29.1551784
            ],
            [
              -67.5007176,
              -29.1551429
            ],
            [
              -67.5006363,
              -29.155056
            ],
            [
              -67.5006017,
              -29.154969
            ],
            [
              -67.5006017,
              -29.15485
            ],
            [
              -67.5007501,
              -29.1548589
            ],
            [
              -67.5008985,
              -29.1551802
            ]
          ]
        ]
      },
      "id": "way/574824202"
    },
    {
      "type": "Feature",
      "properties": {
        "@id": "way/614234169",
        "leisure": "swimming_pool"
      },
      "geometry": {
        "type": "Polygon",
        "coordinates": [
          [
            [
              -66.8996318,
              -29.4378877
            ],
            [
              -66.8995433,
              -29.4381867
            ],
            [
              -66.899369,
              -29.4381494
            ],
            [
              -66.8994548,
              -29.4378527
            ],
            [
              -66.8996318,
              -29.4378877
            ]
          ]
        ]
      },
      "id": "way/614234169"
    },
    {
      "type": "Feature",
      "properties": {
        "@id": "way/614234170",
        "leisure": "swimming_pool"
      },
      "geometry": {
        "type": "Polygon",
        "coordinates": [
          [
            [
              -66.8993448,
              -29.4380419
            ],
            [
              -66.8993073,
              -29.4381937
            ],
            [
              -66.8991356,
              -29.4381634
            ],
            [
              -66.8991785,
              -29.4380069
            ],
            [
              -66.8993448,
              -29.4380419
            ]
          ]
        ]
      },
      "id": "way/614234170"
    },
    {
      "type": "Feature",
      "properties": {
        "@id": "way/614234171",
        "leisure": "swimming_pool"
      },
      "geometry": {
        "type": "Polygon",
        "coordinates": [
          [
            [
              -66.8991919,
              -29.4377943
            ],
            [
              -66.8991141,
              -29.4380863
            ],
            [
              -66.8989371,
              -29.4380513
            ],
            [
              -66.8990176,
              -29.4377593
            ],
            [
              -66.8991919,
              -29.4377943
            ]
          ]
        ]
      },
      "id": "way/614234171"
    },
    {
      "type": "Feature",
      "properties": {
        "@id": "way/631953434",
        "building": "yes"
      },
      "geometry": {
        "type": "Polygon",
        "coordinates": [
          [
            [
              -55.9726811,
              -27.3992255
            ],
            [
              -55.9726935,
              -27.3993124
            ],
            [
              -55.9725969,
              -27.3993234
            ],
            [
              -55.972593,
              -27.3992959
            ],
            [
              -55.9725633,
              -27.3992993
            ],
            [
              -55.9725578,
              -27.399261
            ],
            [
              -55.9725965,
              -27.3992567
            ],
            [
              -55.9725934,
              -27.3992355
            ],
            [
              -55.9726811,
              -27.3992255
            ]
          ]
        ]
      },
      "id": "way/631953434"
    },
    {
      "type": "Feature",
      "properties": {
        "@id": "way/631953435",
        "building": "yes"
      },
      "geometry": {
        "type": "Polygon",
        "coordinates": [
          [
            [
              -55.9725989,
              -27.3994402
            ],
            [
              -55.9725008,
              -27.3994501
            ],
            [
              -55.9724898,
              -27.3993642
            ],
            [
              -55.9725208,
              -27.3993611
            ],
            [
              -55.9725174,
              -27.3993347
            ],
            [
              -55.9725605,
              -27.3993303
            ],
            [
              -55.9725649,
              -27.3993647
            ],
            [
              -55.9725889,
              -27.3993623
            ],
            [
              -55.9725989,
              -27.3994402
            ]
          ]
        ]
      },
      "id": "way/631953435"
    },
    {
      "type": "Feature",
      "properties": {
        "@id": "way/667363809",
        "fitness_station": "fitness_station",
        "leisure": "fitness_station",
        "sport": "fitness"
      },
      "geometry": {
        "type": "Polygon",
        "coordinates": [
          [
            [
              -61.098591,
              -31.7319102
            ],
            [
              -61.0987459,
              -31.7320546
            ],
            [
              -61.098658,
              -31.7321142
            ],
            [
              -61.098515,
              -31.7319659
            ],
            [
              -61.098591,
              -31.7319102
            ]
          ]
        ]
      },
      "id": "way/667363809"
    },
    {
      "type": "Feature",
      "properties": {
        "@id": "way/669678973",
        "building": "yes"
      },
      "geometry": {
        "type": "Polygon",
        "coordinates": [
          [
            [
              -55.9665748,
              -27.3991041
            ],
            [
              -55.966608,
              -27.3991803
            ],
            [
              -55.9665069,
              -27.3992151
            ],
            [
              -55.9664737,
              -27.3991388
            ],
            [
              -55.9665748,
              -27.3991041
            ]
          ]
        ]
      },
      "id": "way/669678973"
    },
    {
      "type": "Feature",
      "properties": {
        "@id": "way/669702992",
        "building": "yes"
      },
      "geometry": {
        "type": "Polygon",
        "coordinates": [
          [
            [
              -55.9725825,
              -27.4052025
            ],
            [
              -55.9726127,
              -27.405298
            ],
            [
              -55.9723591,
              -27.4053611
            ],
            [
              -55.9723289,
              -27.4052656
            ],
            [
              -55.9725825,
              -27.4052025
            ]
          ]
        ]
      },
      "id": "way/669702992"
    },
    {
      "type": "Feature",
      "properties": {
        "@id": "way/682018136",
        "leisure": "park",
        "name": "Parque de la Ciudad"
      },
      "geometry": {
        "type": "Polygon",
        "coordinates": [
          [
            [
              -55.8730538,
              -27.33058
            ],
            [
              -55.8730706,
              -27.3303714
            ],
            [
              -55.8730747,
              -27.330369
            ],
            [
              -55.8731852,
              -27.3303043
            ],
            [
              -55.8732271,
              -27.3298373
            ],
            [
              -55.8731908,
              -27.3297901
            ],
            [
              -55.8732188,
              -27.3295318
            ],
            [
              -55.8732663,
              -27.3294921
            ],
            [
              -55.8733026,
              -27.3292437
            ],
            [
              -55.8732327,
              -27.3291666
            ],
            [
              -55.8732495,
              -27.3289953
            ],
            [
              -55.8743232,
              -27.3290623
            ],
            [
              -55.8741948,
              -27.3305736
            ],
            [
              -55.874189,
              -27.3306421
            ],
            [
              -55.8730538,
              -27.33058
            ]
          ]
        ]
      },
      "id": "way/682018136"
    },
    {
      "type": "Feature",
      "properties": {
        "@id": "way/682018156",
        "amenity": "parking",
        "parking": "surface"
      },
      "geometry": {
        "type": "Polygon",
        "coordinates": [
          [
            [
              -55.8730747,
              -27.330369
            ],
            [
              -55.8732327,
              -27.3291666
            ],
            [
              -55.8733026,
              -27.3292437
            ],
            [
              -55.8732663,
              -27.3294921
            ],
            [
              -55.8732188,
              -27.3295318
            ],
            [
              -55.8731908,
              -27.3297901
            ],
            [
              -55.8732271,
              -27.3298373
            ],
            [
              -55.8731852,
              -27.3303043
            ],
            [
              -55.8730747,
              -27.330369
            ]
          ]
        ]
      },
      "id": "way/682018156"
    },
    {
      "type": "Feature",
      "properties": {
        "@id": "way/685127772",
        "amenity": "toilets",
        "building": "yes"
      },
      "geometry": {
        "type": "Polygon",
        "coordinates": [
          [
            [
              -62.3136747,
              -38.6936327
            ],
            [
              -62.3137015,
              -38.693653
            ],
            [
              -62.313709,
              -38.6936587
            ],
            [
              -62.3137343,
              -38.6936779
            ],
            [
              -62.313659,
              -38.6937382
            ],
            [
              -62.3135995,
              -38.6936929
            ],
            [
              -62.3136747,
              -38.6936327
            ]
          ]
        ]
      },
      "id": "way/685127772"
    },
    {
      "type": "Feature",
      "properties": {
        "@id": "way/685273709",
        "amenity": "marketplace"
      },
      "geometry": {
        "type": "Polygon",
        "coordinates": [
          [
            [
              -62.3133971,
              -38.6941205
            ],
            [
              -62.31313,
              -38.6943222
            ],
            [
              -62.3121966,
              -38.6935691
            ],
            [
              -62.3124637,
              -38.6933674
            ],
            [
              -62.3133971,
              -38.6941205
            ]
          ]
        ]
      },
      "id": "way/685273709"
    },
    {
      "type": "Feature",
      "properties": {
        "@id": "way/688645219",
        "amenity": "theatre",
        "name": "Anfiteatro",
        "theatre:type": "amphi"
      },
      "geometry": {
        "type": "Polygon",
        "coordinates": [
          [
            [
              -61.0979025,
              -31.7327765
            ],
            [
              -61.0979078,
              -31.7327583
            ],
            [
              -61.0979213,
              -31.7327332
            ],
            [
              -61.0979347,
              -31.7327195
            ],
            [
              -61.0979722,
              -31.7327058
            ],
            [
              -61.0980124,
              -31.7327035
            ],
            [
              -61.09805,
              -31.7327172
            ],
            [
              -61.0980768,
              -31.7327309
            ],
            [
              -61.098101,
              -31.7327218
            ],
            [
              -61.0981036,
              -31.73274
            ],
            [
              -61.0981144,
              -31.7327651
            ],
            [
              -61.0981197,
              -31.7327857
            ],
            [
              -61.0981305,
              -31.7328039
            ],
            [
              -61.0981063,
              -31.7328085
            ],
            [
              -61.0980822,
              -31.7328108
            ],
            [
              -61.0980688,
              -31.732829
            ],
            [
              -61.0980473,
              -31.732845
            ],
            [
              -61.0980044,
              -31.7328587
            ],
            [
              -61.0979695,
              -31.7328518
            ],
            [
              -61.0979427,
              -31.7328427
            ],
            [
              -61.0979159,
              -31.7328336
            ],
            [
              -61.0979052,
              -31.7328153
            ],
            [
              -61.0978944,
              -31.7327925
            ],
            [
              -61.0979025,
              -31.7327765
            ]
          ]
        ]
      },
      "id": "way/688645219"
    },
    {
      "type": "Feature",
      "properties": {
        "@id": "way/706342754",
        "building": "yes"
      },
      "geometry": {
        "type": "Polygon",
        "coordinates": [
          [
            [
              -55.9718217,
              -27.4033686
            ],
            [
              -55.9717456,
              -27.4033818
            ],
            [
              -55.9717543,
              -27.4034212
            ],
            [
              -55.9716876,
              -27.4034327
            ],
            [
              -55.9716776,
              -27.4033871
            ],
            [
              -55.971629,
              -27.4033956
            ],
            [
              -55.9716373,
              -27.4033287
            ],
            [
              -55.9718065,
              -27.4032994
            ],
            [
              -55.9718217,
              -27.4033686
            ]
          ]
        ]
      },
      "id": "way/706342754"
    },
    {
      "type": "Feature",
      "properties": {
        "@id": "way/706342755",
        "building": "yes"
      },
      "geometry": {
        "type": "Polygon",
        "coordinates": [
          [
            [
              -55.9726137,
              -27.4045402
            ],
            [
              -55.9726434,
              -27.4046358
            ],
            [
              -55.9725501,
              -27.4046587
            ],
            [
              -55.9725203,
              -27.4045631
            ],
            [
              -55.9726137,
              -27.4045402
            ]
          ]
        ]
      },
      "id": "way/706342755"
    },
    {
      "type": "Feature",
      "properties": {
        "@id": "way/706342756",
        "building": "yes"
      },
      "geometry": {
        "type": "Polygon",
        "coordinates": [
          [
            [
              -55.9727018,
              -27.4052498
            ],
            [
              -55.9727178,
              -27.4053093
            ],
            [
              -55.9726593,
              -27.4053216
            ],
            [
              -55.9726433,
              -27.4052622
            ],
            [
              -55.9727018,
              -27.4052498
            ]
          ]
        ]
      },
      "id": "way/706342756"
    },
    {
      "type": "Feature",
      "properties": {
        "@id": "way/706342757",
        "building": "yes"
      },
      "geometry": {
        "type": "Polygon",
        "coordinates": [
          [
            [
              -55.9723235,
              -27.405282
            ],
            [
              -55.9723384,
              -27.4053229
            ],
            [
              -55.9722963,
              -27.405335
            ],
            [
              -55.9722814,
              -27.4052941
            ],
            [
              -55.9723235,
              -27.405282
            ]
          ]
        ]
      },
      "id": "way/706342757"
    },
    {
      "type": "Feature",
      "properties": {
        "@id": "way/706516224",
        "landuse": "grass"
      },
      "geometry": {
        "type": "Polygon",
        "coordinates": [
          [
            [
              -55.0551671,
              -26.9317243
            ],
            [
              -55.0551644,
              -26.9319371
            ],
            [
              -55.0548828,
              -26.931973
            ],
            [
              -55.0548077,
              -26.932004
            ],
            [
              -55.0547031,
              -26.9319467
            ],
            [
              -55.054915,
              -26.9317243
            ],
            [
              -55.0551671,
              -26.9317243
            ]
          ]
        ]
      },
      "id": "way/706516224"
    },
    {
      "type": "Feature",
      "properties": {
        "@id": "way/706516225",
        "leisure": "pitch",
        "sport": "basketball"
      },
      "geometry": {
        "type": "Polygon",
        "coordinates": [
          [
            [
              -55.0547138,
              -26.9314054
            ],
            [
              -55.0547181,
              -26.9315727
            ],
            [
              -55.0546121,
              -26.9315748
            ],
            [
              -55.0546078,
              -26.9314075
            ],
            [
              -55.0547138,
              -26.9314054
            ]
          ]
        ]
      },
      "id": "way/706516225"
    },
    {
      "type": "Feature",
      "properties": {
        "@id": "way/706516226",
        "leisure": "pitch",
        "sport": "soccer"
      },
      "geometry": {
        "type": "Polygon",
        "coordinates": [
          [
            [
              -55.0538428,
              -26.9305293
            ],
            [
              -55.0536487,
              -26.9308913
            ],
            [
              -55.0534263,
              -26.9307965
            ],
            [
              -55.0536205,
              -26.9304345
            ],
            [
              -55.0538428,
              -26.9305293
            ]
          ]
        ]
      },
      "id": "way/706516226"
    },
    {
      "type": "Feature",
      "properties": {
        "@id": "way/706516757",
        "addr:city": "Capioví",
        "addr:full": "Guayubira y Guatambú",
        "addr:postcode": 3332,
        "addr:street": "Guayubira",
        "alt_name": "Asociación Astronómica de Capiovi",
        "building": "yes",
        "contact:facebook": "https://www.facebook.com/Asociaci%C3%B3n-Astron%C3%B3mica-de-Capiov%C3%AD-490209644336708/",
        "description": "Asociación de aficionados a la astronomía, que tienen el objetivo divulgar, difundir y enseñar a alumnos de escuelas y público en general (por medio de visitas), lo relacionado al conocimiento del universo.",
        "email": "astrocap@gmail.com",
        "man_made": "telescope",
        "name": "Observatorio Asociación Astronómica de Capioví",
        "opening_hours": "Tu 19:00-23:00; Fr 19:00-23:00",
        "short_name": "ASTROCAP",
        "start_date": 2007,
        "website": "https://astrocap.com.ar/"
      },
      "geometry": {
        "type": "Polygon",
        "coordinates": [
          [
            [
              -55.0549228,
              -26.9318366
            ],
            [
              -55.0549216,
              -26.9318261
            ],
            [
              -55.0549241,
              -26.9318158
            ],
            [
              -55.0549302,
              -26.9318067
            ],
            [
              -55.0549393,
              -26.9317999
            ],
            [
              -55.0549503,
              -26.931796
            ],
            [
              -55.0549621,
              -26.9317954
            ],
            [
              -55.0549736,
              -26.9317982
            ],
            [
              -55.0549834,
              -26.9318041
            ],
            [
              -55.0549906,
              -26.9318125
            ],
            [
              -55.0549944,
              -26.9318226
            ],
            [
              -55.0549944,
              -26.9318331
            ],
            [
              -55.0549907,
              -26.9318432
            ],
            [
              -55.0549835,
              -26.9318516
            ],
            [
              -55.0549749,
              -26.9318571
            ],
            [
              -55.0549648,
              -26.9318601
            ],
            [
              -55.0549543,
              -26.9318604
            ],
            [
              -55.054944,
              -26.9318581
            ],
            [
              -55.054935,
              -26.9318532
            ],
            [
              -55.0549278,
              -26.9318462
            ],
            [
              -55.0549228,
              -26.9318366
            ]
          ]
        ]
      },
      "id": "way/706516757"
    },
    {
      "type": "Feature",
      "properties": {
        "@id": "way/706516758",
        "building": "yes"
      },
      "geometry": {
        "type": "Polygon",
        "coordinates": [
          [
            [
              -55.0549278,
              -26.9318462
            ],
            [
              -55.0549543,
              -26.9318604
            ],
            [
              -55.0549648,
              -26.9318601
            ],
            [
              -55.0549749,
              -26.9318571
            ],
            [
              -55.0549835,
              -26.9318516
            ],
            [
              -55.0550035,
              -26.9318646
            ],
            [
              -55.054931,
              -26.931958
            ],
            [
              -55.0548681,
              -26.9319193
            ],
            [
              -55.0549278,
              -26.9318462
            ]
          ]
        ]
      },
      "id": "way/706516758"
    },
    {
      "type": "Feature",
      "properties": {
        "@id": "way/724118585",
        "amenity": "events_venue",
        "building": "yes"
      },
      "geometry": {
        "type": "Polygon",
        "coordinates": [
          [
            [
              -67.5008667,
              -29.1546855
            ],
            [
              -67.500783,
              -29.1544991
            ],
            [
              -67.5008897,
              -29.1544461
            ],
            [
              -67.5009964,
              -29.1546654
            ],
            [
              -67.5008667,
              -29.1546855
            ]
          ]
        ]
      },
      "id": "way/724118585"
    },
    {
      "type": "Feature",
      "properties": {
        "@id": "way/724118586",
        "landuse": "flowerbed"
      },
      "geometry": {
        "type": "Polygon",
        "coordinates": [
          [
            [
              -67.4998916,
              -29.1553466
            ],
            [
              -67.4996782,
              -29.1549081
            ],
            [
              -67.4998184,
              -29.1548606
            ],
            [
              -67.4998058,
              -29.1549502
            ],
            [
              -67.4998205,
              -29.1550123
            ],
            [
              -67.499992,
              -29.1553119
            ],
            [
              -67.4998916,
              -29.1553466
            ]
          ]
        ]
      },
      "id": "way/724118586"
    },
    {
      "type": "Feature",
      "properties": {
        "@id": "way/724126100",
        "tourism": "picnic_site"
      },
      "geometry": {
        "type": "Polygon",
        "coordinates": [
          [
            [
              -67.5001112,
              -29.1558182
            ],
            [
              -67.4998993,
              -29.1553802
            ],
            [
              -67.4999744,
              -29.1553591
            ],
            [
              -67.5001836,
              -29.1557901
            ],
            [
              -67.5001112,
              -29.1558182
            ]
          ]
        ]
      },
      "id": "way/724126100"
    },
    {
      "type": "Feature",
      "properties": {
        "@id": "way/724126101",
        "tourism": "picnic_site"
      },
      "geometry": {
        "type": "Polygon",
        "coordinates": [
          [
            [
              -67.502265,
              -29.155249
            ],
            [
              -67.5014979,
              -29.1555231
            ],
            [
              -67.5014576,
              -29.1554388
            ],
            [
              -67.5022274,
              -29.1551694
            ],
            [
              -67.502265,
              -29.155249
            ]
          ]
        ]
      },
      "id": "way/724126101"
    },
    {
      "type": "Feature",
      "properties": {
        "@id": "way/724126102",
        "tourism": "picnic_site"
      },
      "geometry": {
        "type": "Polygon",
        "coordinates": [
          [
            [
              -67.5019753,
              -29.1549539
            ],
            [
              -67.5011116,
              -29.1548977
            ],
            [
              -67.5011197,
              -29.1548157
            ],
            [
              -67.5019833,
              -29.1548696
            ],
            [
              -67.5019753,
              -29.1549539
            ]
          ]
        ]
      },
      "id": "way/724126102"
    },
    {
      "type": "Feature",
      "properties": {
        "@id": "way/724126103",
        "landuse": "grass"
      },
      "geometry": {
        "type": "Polygon",
        "coordinates": [
          [
            [
              -67.5021282,
              -29.1548321
            ],
            [
              -67.5009212,
              -29.1547712
            ],
            [
              -67.500889,
              -29.1546986
            ],
            [
              -67.5010258,
              -29.1546634
            ],
            [
              -67.500889,
              -29.1544198
            ],
            [
              -67.5007629,
              -29.1544901
            ],
            [
              -67.5007415,
              -29.1544292
            ],
            [
              -67.5008944,
              -29.1543285
            ],
            [
              -67.5011384,
              -29.1541481
            ],
            [
              -67.5012726,
              -29.1540357
            ],
            [
              -67.5013772,
              -29.1539818
            ],
            [
              -67.5014549,
              -29.1539256
            ],
            [
              -67.5015783,
              -29.153942
            ],
            [
              -67.5013852,
              -29.1541223
            ],
            [
              -67.5021443,
              -29.1545463
            ],
            [
              -67.5021282,
              -29.1548321
            ]
          ]
        ]
      },
      "id": "way/724126103"
    },
    {
      "type": "Feature",
      "properties": {
        "@id": "way/724126104",
        "landuse": "grass"
      },
      "geometry": {
        "type": "Polygon",
        "coordinates": [
          [
            [
              -67.5022891,
              -29.1551155
            ],
            [
              -67.5012672,
              -29.1554762
            ],
            [
              -67.5009829,
              -29.1549047
            ],
            [
              -67.5022784,
              -29.1550124
            ],
            [
              -67.5022891,
              -29.1551155
            ]
          ]
        ]
      },
      "id": "way/724126104"
    },
    {
      "type": "Feature",
      "properties": {
        "@id": "way/724126105",
        "landuse": "grass"
      },
      "geometry": {
        "type": "Polygon",
        "coordinates": [
          [
            [
              -67.5005832,
              -29.1548602
            ],
            [
              -67.5005966,
              -29.1550101
            ],
            [
              -67.5006637,
              -29.1551366
            ],
            [
              -67.5008059,
              -29.1552279
            ],
            [
              -67.5009453,
              -29.1552537
            ],
            [
              -67.5010607,
              -29.1555207
            ],
            [
              -67.5009775,
              -29.1555488
            ],
            [
              -67.5008702,
              -29.1554973
            ],
            [
              -67.500712,
              -29.1554528
            ],
            [
              -67.5004786,
              -29.1554575
            ],
            [
              -67.5002238,
              -29.1555465
            ],
            [
              -67.4998993,
              -29.1550359
            ],
            [
              -67.499859,
              -29.1549422
            ],
            [
              -67.4998751,
              -29.1548578
            ],
            [
              -67.4999127,
              -29.1548227
            ],
            [
              -67.4999636,
              -29.1548133
            ],
            [
              -67.5005832,
              -29.1548602
            ]
          ]
        ]
      },
      "id": "way/724126105"
    },
    {
      "type": "Feature",
      "properties": {
        "@id": "way/724126106",
        "landuse": "grass"
      },
      "geometry": {
        "type": "Polygon",
        "coordinates": [
          [
            [
              -67.5011874,
              -29.1558086
            ],
            [
              -67.5009635,
              -29.1559584
            ],
            [
              -67.500746,
              -29.1560698
            ],
            [
              -67.5005117,
              -29.1561557
            ],
            [
              -67.5004573,
              -29.1560534
            ],
            [
              -67.5005221,
              -29.1560132
            ],
            [
              -67.500769,
              -29.1558853
            ],
            [
              -67.5009196,
              -29.1557739
            ],
            [
              -67.5011392,
              -29.1556843
            ],
            [
              -67.5011874,
              -29.1558086
            ]
          ]
        ]
      },
      "id": "way/724126106"
    },
    {
      "type": "Feature",
      "properties": {
        "@id": "way/724126107",
        "landuse": "grass"
      },
      "geometry": {
        "type": "Polygon",
        "coordinates": [
          [
            [
              -67.5013463,
              -29.155604
            ],
            [
              -67.502089,
              -29.1553354
            ],
            [
              -67.5028337,
              -29.1550851
            ],
            [
              -67.5028735,
              -29.155266
            ],
            [
              -67.5027061,
              -29.1552952
            ],
            [
              -67.5025137,
              -29.1553244
            ],
            [
              -67.5024153,
              -29.1553537
            ],
            [
              -67.5021831,
              -29.155509
            ],
            [
              -67.5019781,
              -29.1556277
            ],
            [
              -67.5017773,
              -29.1556642
            ],
            [
              -67.5014384,
              -29.1556862
            ],
            [
              -67.5013463,
              -29.155604
            ]
          ]
        ]
      },
      "id": "way/724126107"
    },
    {
      "type": "Feature",
      "properties": {
        "@id": "way/724126108",
        "landuse": "grass"
      },
      "geometry": {
        "type": "Polygon",
        "coordinates": [
          [
            [
              -67.5022459,
              -29.1549134
            ],
            [
              -67.5022354,
              -29.1547106
            ],
            [
              -67.5023045,
              -29.1547106
            ],
            [
              -67.5023233,
              -29.1548019
            ],
            [
              -67.5028212,
              -29.1548385
            ],
            [
              -67.5028651,
              -29.1549627
            ],
            [
              -67.5022459,
              -29.1549134
            ]
          ]
        ]
      },
      "id": "way/724126108"
    },
    {
      "type": "Feature",
      "properties": {
        "@id": "way/724126109",
        "landuse": "grass"
      },
      "geometry": {
        "type": "Polygon",
        "coordinates": [
          [
            [
              -67.5029279,
              -29.1549499
            ],
            [
              -67.5027354,
              -29.1544841
            ],
            [
              -67.5031392,
              -29.1546978
            ],
            [
              -67.5029885,
              -29.1549463
            ],
            [
              -67.5029279,
              -29.1549499
            ]
          ]
        ]
      },
      "id": "way/724126109"
    },
    {
      "type": "Feature",
      "properties": {
        "@id": "way/730680274",
        "leisure": "park"
      },
      "geometry": {
        "type": "Polygon",
        "coordinates": [
          [
            [
              -55.8749604,
              -27.327702
            ],
            [
              -55.8746761,
              -27.3306138
            ],
            [
              -55.8741948,
              -27.3305736
            ],
            [
              -55.8743987,
              -27.3276284
            ],
            [
              -55.8749604,
              -27.327702
            ]
          ]
        ]
      },
      "id": "way/730680274"
    },
    {
      "type": "Feature",
      "properties": {
        "@id": "way/734417392",
        "building": "roof"
      },
      "geometry": {
        "type": "Polygon",
        "coordinates": [
          [
            [
              -55.9706881,
              -27.4043806
            ],
            [
              -55.9707487,
              -27.4044172
            ],
            [
              -55.9707185,
              -27.4044565
            ],
            [
              -55.970658,
              -27.4044199
            ],
            [
              -55.9706881,
              -27.4043806
            ]
          ]
        ]
      },
      "id": "way/734417392"
    },
    {
      "type": "Feature",
      "properties": {
        "@id": "way/781326338",
        "leisure": "swimming_pool"
      },
      "geometry": {
        "type": "Polygon",
        "coordinates": [
          [
            [
              -55.9659521,
              -27.3998465
            ],
            [
              -55.9661334,
              -27.3999882
            ],
            [
              -55.9658078,
              -27.4003164
            ],
            [
              -55.9656267,
              -27.4001748
            ],
            [
              -55.9659521,
              -27.3998465
            ]
          ]
        ]
      },
      "id": "way/781326338"
    },
    {
      "type": "Feature",
      "properties": {
        "@id": "way/785414270",
        "leisure": "pitch",
        "sport": "multi",
        "surface": "grass"
      },
      "geometry": {
        "type": "Polygon",
        "coordinates": [
          [
            [
              -55.9726045,
              -27.4035923
            ],
            [
              -55.9724449,
              -27.4036235
            ],
            [
              -55.9723834,
              -27.4033758
            ],
            [
              -55.9725429,
              -27.4033446
            ],
            [
              -55.9726045,
              -27.4035923
            ]
          ]
        ]
      },
      "id": "way/785414270"
    },
    {
      "type": "Feature",
      "properties": {
        "@id": "way/785414271",
        "leisure": "pitch",
        "sport": "multi",
        "surface": "grass"
      },
      "geometry": {
        "type": "Polygon",
        "coordinates": [
          [
            [
              -55.9726961,
              -27.4039373
            ],
            [
              -55.9725338,
              -27.4039751
            ],
            [
              -55.9724677,
              -27.4037514
            ],
            [
              -55.9726299,
              -27.4037136
            ],
            [
              -55.9726961,
              -27.4039373
            ]
          ]
        ]
      },
      "id": "way/785414271"
    },
    {
      "type": "Feature",
      "properties": {
        "@id": "way/785414272",
        "leisure": "pitch",
        "sport": "multi",
        "surface": "grass"
      },
      "geometry": {
        "type": "Polygon",
        "coordinates": [
          [
            [
              -55.9727267,
              -27.4042367
            ],
            [
              -55.9726087,
              -27.4042621
            ],
            [
              -55.972561,
              -27.4040874
            ],
            [
              -55.972679,
              -27.4040621
            ],
            [
              -55.9727267,
              -27.4042367
            ]
          ]
        ]
      },
      "id": "way/785414272"
    },
    {
      "type": "Feature",
      "properties": {
        "@id": "way/791588873",
        "area": "yes",
        "landcover": "trees",
        "source": "cidi"
      },
      "geometry": {
        "type": "Polygon",
        "coordinates": [
          [
            [
              -55.8732569,
              -27.3305477
            ],
            [
              -55.8732153,
              -27.3304929
            ],
            [
              -55.873206,
              -27.3304703
            ],
            [
              -55.8731993,
              -27.3304226
            ],
            [
              -55.8732046,
              -27.3304048
            ],
            [
              -55.8732234,
              -27.3303845
            ],
            [
              -55.8732328,
              -27.3303809
            ],
            [
              -55.8732556,
              -27.3303643
            ],
            [
              -55.873265,
              -27.3303607
            ],
            [
              -55.8732905,
              -27.3303547
            ],
            [
              -55.873332,
              -27.3303667
            ],
            [
              -55.873383,
              -27.3303964
            ],
            [
              -55.8734353,
              -27.3304179
            ],
            [
              -55.8734661,
              -27.3303976
            ],
            [
              -55.8735225,
              -27.3304084
            ],
            [
              -55.8735399,
              -27.3304
            ],
            [
              -55.8735761,
              -27.3304155
            ],
            [
              -55.8736351,
              -27.3304155
            ],
            [
              -55.8736735,
              -27.33037
            ],
            [
              -55.8737344,
              -27.3303643
            ],
            [
              -55.873792,
              -27.3303774
            ],
            [
              -55.8738148,
              -27.3303905
            ],
            [
              -55.8738457,
              -27.3304143
            ],
            [
              -55.8738698,
              -27.3304524
            ],
            [
              -55.8738792,
              -27.3304584
            ],
            [
              -55.8739248,
              -27.3304632
            ],
            [
              -55.8739892,
              -27.3304477
            ],
            [
              -55.8740361,
              -27.3304429
            ],
            [
              -55.8741233,
              -27.3304512
            ],
            [
              -55.8741407,
              -27.3304965
            ],
            [
              -55.8741233,
              -27.3305597
            ],
            [
              -55.8741246,
              -27.3305823
            ],
            [
              -55.8740817,
              -27.330599
            ],
            [
              -55.8740562,
              -27.3305906
            ],
            [
              -55.8740214,
              -27.330599
            ],
            [
              -55.8739758,
              -27.3305978
            ],
            [
              -55.8739221,
              -27.3305883
            ],
            [
              -55.8738993,
              -27.3305763
            ],
            [
              -55.8738443,
              -27.3305763
            ],
            [
              -55.8737773,
              -27.3305632
            ],
            [
              -55.873733,
              -27.330568
            ],
            [
              -55.8737102,
              -27.3305728
            ],
            [
              -55.8736633,
              -27.330574
            ],
            [
              -55.8735922,
              -27.3305537
            ],
            [
              -55.8735426,
              -27.3305609
            ],
            [
              -55.8735265,
              -27.3305692
            ],
            [
              -55.873501,
              -27.330574
            ],
            [
              -55.8734675,
              -27.330574
            ],
            [
              -55.8734031,
              -27.3305513
            ],
            [
              -55.8733937,
              -27.3305585
            ],
            [
              -55.8733588,
              -27.3305501
            ],
            [
              -55.8732985,
              -27.3305454
            ],
            [
              -55.8732797,
              -27.3305573
            ],
            [
              -55.8732569,
              -27.3305477
            ]
          ]
        ]
      },
      "id": "way/791588873"
    },
    {
      "type": "Feature",
      "properties": {
        "@id": "way/792369458",
        "leisure": "park",
        "name": "Parque de la Ciudad"
      },
      "geometry": {
        "type": "Polygon",
        "coordinates": [
          [
            [
              -56.0838368,
              -26.1819358
            ],
            [
              -56.0835897,
              -26.1827755
            ],
            [
              -56.0827244,
              -26.1825704
            ],
            [
              -56.0829716,
              -26.1817307
            ],
            [
              -56.0838368,
              -26.1819358
            ]
          ]
        ]
      },
      "id": "way/792369458"
    },
    {
      "type": "Feature",
      "properties": {
        "@id": "way/849604865",
        "leisure": "pitch",
        "sport": "volleyball",
        "surface": "sand"
      },
      "geometry": {
        "type": "Polygon",
        "coordinates": [
          [
            [
              -55.054702,
              -26.9312046
            ],
            [
              -55.0547025,
              -26.9313189
            ],
            [
              -55.0544665,
              -26.9313197
            ],
            [
              -55.054466,
              -26.9312055
            ],
            [
              -55.054702,
              -26.9312046
            ]
          ]
        ]
      },
      "id": "way/849604865"
    },
    {
      "type": "Feature",
      "properties": {
        "@id": "way/886352676",
        "leisure": "pitch",
        "sport": "multi",
        "surface": "concrete"
      },
      "geometry": {
        "type": "Polygon",
        "coordinates": [
          [
            [
              -55.8738068,
              -27.329232
            ],
            [
              -55.873781,
              -27.3294693
            ],
            [
              -55.873647,
              -27.3294577
            ],
            [
              -55.873673,
              -27.3292205
            ],
            [
              -55.8738068,
              -27.329232
            ]
          ]
        ]
      },
      "id": "way/886352676"
    },
    {
      "type": "Feature",
      "properties": {
        "@id": "way/886352677",
        "leisure": "pitch",
        "sport": "multi",
        "surface": "concrete"
      },
      "geometry": {
        "type": "Polygon",
        "coordinates": [
          [
            [
              -55.8738088,
              -27.3296525
            ],
            [
              -55.8738339,
              -27.3294152
            ],
            [
              -55.8739679,
              -27.3294264
            ],
            [
              -55.8739427,
              -27.3296637
            ],
            [
              -55.8738088,
              -27.3296525
            ]
          ]
        ]
      },
      "id": "way/886352677"
    },
    {
      "type": "Feature",
      "properties": {
        "@id": "way/886352678",
        "leisure": "playground"
      },
      "geometry": {
        "type": "Polygon",
        "coordinates": [
          [
            [
              -55.8741327,
              -27.3293605
            ],
            [
              -55.874079,
              -27.3293999
            ],
            [
              -55.8740288,
              -27.329402
            ],
            [
              -55.8739728,
              -27.3293843
            ],
            [
              -55.8739226,
              -27.3293522
            ],
            [
              -55.8738969,
              -27.3293003
            ],
            [
              -55.8738782,
              -27.3292505
            ],
            [
              -55.8739378,
              -27.3291925
            ],
            [
              -55.8740101,
              -27.3292132
            ],
            [
              -55.8740627,
              -27.3292381
            ],
            [
              -55.8741035,
              -27.3292765
            ],
            [
              -55.8741257,
              -27.3293138
            ],
            [
              -55.8741327,
              -27.3293605
            ]
          ]
        ]
      },
      "id": "way/886352678"
    },
    {
      "type": "Feature",
      "properties": {
        "@id": "way/1044547357",
        "area": "yes",
        "athletics": "javelin_throw",
        "leisure": "track",
        "sport": "athletics"
      },
      "geometry": {
        "type": "Polygon",
        "coordinates": [
          [
            [
              -55.9715622,
              -27.3985301
            ],
            [
              -55.9715191,
              -27.3985361
            ],
            [
              -55.9714848,
              -27.3983189
            ],
            [
              -55.9715264,
              -27.3983141
            ],
            [
              -55.9715622,
              -27.3985301
            ]
          ]
        ]
      },
      "id": "way/1044547357"
    },
    {
      "type": "Feature",
      "properties": {
        "@id": "way/1044547358",
        "athletics": "shot_put",
        "leisure": "pitch",
        "sport": "athletics"
      },
      "geometry": {
        "type": "Polygon",
        "coordinates": [
          [
            [
              -55.9719196,
              -27.3995023
            ],
            [
              -55.9719127,
              -27.3995056
            ],
            [
              -55.9719052,
              -27.3995036
            ],
            [
              -55.9719015,
              -27.3994975
            ],
            [
              -55.9719038,
              -27.3994908
            ],
            [
              -55.9719107,
              -27.3994876
            ],
            [
              -55.9719181,
              -27.3994896
            ],
            [
              -55.9719218,
              -27.3994957
            ],
            [
              -55.9719196,
              -27.3995023
            ]
          ]
        ]
      },
      "id": "way/1044547358"
    },
    {
      "type": "Feature",
      "properties": {
        "@id": "way/1044547359",
        "athletics": "pole_vault",
        "leisure": "pitch",
        "sport": "athletics"
      },
      "geometry": {
        "type": "Polygon",
        "coordinates": [
          [
            [
              -55.9713433,
              -27.3985717
            ],
            [
              -55.971346,
              -27.3985871
            ],
            [
              -55.9712772,
              -27.3985967
            ],
            [
              -55.9712695,
              -27.3985533
            ],
            [
              -55.9713384,
              -27.3985437
            ],
            [
              -55.9713414,
              -27.3985608
            ],
            [
              -55.9713433,
              -27.3985717
            ]
          ]
        ]
      },
      "id": "way/1044547359"
    },
    {
      "type": "Feature",
      "properties": {
        "@id": "way/1044547360",
        "area": "yes",
        "athletics": "long_jump;pole_vault",
        "leisure": "track",
        "sport": "athletics",
        "surface": "tartan"
      },
      "geometry": {
        "type": "Polygon",
        "coordinates": [
          [
            [
              -55.9717579,
              -27.3985029
            ],
            [
              -55.9717598,
              -27.3985138
            ],
            [
              -55.9713433,
              -27.3985717
            ],
            [
              -55.9713414,
              -27.3985608
            ],
            [
              -55.9715191,
              -27.3985361
            ],
            [
              -55.9715622,
              -27.3985301
            ],
            [
              -55.9717579,
              -27.3985029
            ]
          ]
        ]
      },
      "id": "way/1044547360"
    },
    {
      "type": "Feature",
      "properties": {
        "@id": "way/1044547361",
        "athletics": "long_jump",
        "leisure": "pitch",
        "sport": "athletics",
        "surface": "sand"
      },
      "geometry": {
        "type": "Polygon",
        "coordinates": [
          [
            [
              -55.9718546,
              -27.39848
            ],
            [
              -55.9718593,
              -27.398507
            ],
            [
              -55.971761,
              -27.3985207
            ],
            [
              -55.9717598,
              -27.3985138
            ],
            [
              -55.9717579,
              -27.3985029
            ],
            [
              -55.9717563,
              -27.3984936
            ],
            [
              -55.9718546,
              -27.39848
            ]
          ]
        ]
      },
      "id": "way/1044547361"
    },
    {
      "type": "Feature",
      "properties": {
        "@id": "way/1044551950",
        "athletics": "discus_throw;hammer_throw",
        "leisure": "pitch",
        "sport": "athletics",
        "surface": "grass"
      },
      "geometry": {
        "type": "Polygon",
        "coordinates": [
          [
            [
              -55.9675994,
              -27.3990694
            ],
            [
              -55.9679469,
              -27.399475
            ],
            [
              -55.9676573,
              -27.3995786
            ],
            [
              -55.9675901,
              -27.3990723
            ],
            [
              -55.9675806,
              -27.3990698
            ],
            [
              -55.9675746,
              -27.3990628
            ],
            [
              -55.9675743,
              -27.399054
            ],
            [
              -55.96758,
              -27.3990468
            ],
            [
              -55.9675893,
              -27.3990439
            ],
            [
              -55.9675988,
              -27.3990464
            ],
            [
              -55.9676048,
              -27.3990534
            ],
            [
              -55.9676051,
              -27.3990622
            ],
            [
              -55.9675994,
              -27.3990694
            ]
          ]
        ]
      },
      "id": "way/1044551950"
    },
    {
      "type": "Feature",
      "properties": {
        "@id": "way/1044551951",
        "athletics": "long_jump",
        "leisure": "pitch",
        "sport": "athletics",
        "surface": "sand"
      },
      "geometry": {
        "type": "Polygon",
        "coordinates": [
          [
            [
              -55.9675872,
              -27.4000514
            ],
            [
              -55.9675587,
              -27.4000669
            ],
            [
              -55.9675107,
              -27.3999977
            ],
            [
              -55.9675196,
              -27.3999928
            ],
            [
              -55.9675314,
              -27.3999864
            ],
            [
              -55.9675392,
              -27.3999821
            ],
            [
              -55.9675872,
              -27.4000514
            ]
          ]
        ]
      },
      "id": "way/1044551951"
    },
    {
      "type": "Feature",
      "properties": {
        "@id": "way/1044551952",
        "area": "yes",
        "athletics": "long_jump",
        "leisure": "track",
        "sport": "athletics",
        "surface": "tartan"
      },
      "geometry": {
        "type": "Polygon",
        "coordinates": [
          [
            [
              -55.967226,
              -27.3995457
            ],
            [
              -55.9675314,
              -27.3999864
            ],
            [
              -55.9675196,
              -27.3999928
            ],
            [
              -55.9672143,
              -27.3995521
            ],
            [
              -55.967226,
              -27.3995457
            ]
          ]
        ]
      },
      "id": "way/1044551952"
    },
    {
      "type": "Feature",
      "properties": {
        "@id": "way/1044551953",
        "athletics": "long_jump",
        "leisure": "pitch",
        "sport": "athletics",
        "surface": "sand"
      },
      "geometry": {
        "type": "Polygon",
        "coordinates": [
          [
            [
              -55.9672352,
              -27.3995407
            ],
            [
              -55.967226,
              -27.3995457
            ],
            [
              -55.9672143,
              -27.3995521
            ],
            [
              -55.9672067,
              -27.3995563
            ],
            [
              -55.9671587,
              -27.399487
            ],
            [
              -55.9671872,
              -27.3994714
            ],
            [
              -55.9672352,
              -27.3995407
            ]
          ]
        ]
      },
      "id": "way/1044551953"
    },
    {
      "type": "Feature",
      "properties": {
        "@id": "way/1044551954",
        "athletics": "shot_put",
        "leisure": "pitch",
        "sport": "athletics",
        "surface": "grass"
      },
      "geometry": {
        "type": "Polygon",
        "coordinates": [
          [
            [
              -55.9671586,
              -27.3992856
            ],
            [
              -55.9673958,
              -27.3993125
            ],
            [
              -55.9673146,
              -27.3994506
            ],
            [
              -55.9671533,
              -27.399295
            ],
            [
              -55.9671424,
              -27.3992992
            ],
            [
              -55.967131,
              -27.3992962
            ],
            [
              -55.9671244,
              -27.3992874
            ],
            [
              -55.9671258,
              -27.3992769
            ],
            [
              -55.9671344,
              -27.3992697
            ],
            [
              -55.9671463,
              -27.399269
            ],
            [
              -55.9671558,
              -27.3992753
            ],
            [
              -55.9671586,
              -27.3992856
            ]
          ]
        ]
      },
      "id": "way/1044551954"
    },
    {
      "type": "Feature",
      "properties": {
        "@id": "way/1044551955",
        "athletics": "pole_vault",
        "leisure": "pitch",
        "sport": "athletics"
      },
      "geometry": {
        "type": "Polygon",
        "coordinates": [
          [
            [
              -55.967785,
              -27.4001668
            ],
            [
              -55.9677953,
              -27.4001814
            ],
            [
              -55.967807,
              -27.4001981
            ],
            [
              -55.9677417,
              -27.4002342
            ],
            [
              -55.9677093,
              -27.4001879
            ],
            [
              -55.9677746,
              -27.4001519
            ],
            [
              -55.967785,
              -27.4001668
            ]
          ]
        ]
      },
      "id": "way/1044551955"
    },
    {
      "type": "Feature",
      "properties": {
        "@id": "way/1044551956",
        "athletics": "pole_vault",
        "leisure": "pitch",
        "sport": "athletics"
      },
      "geometry": {
        "type": "Polygon",
        "coordinates": [
          [
            [
              -55.9681125,
              -27.400006
            ],
            [
              -55.9681022,
              -27.3999914
            ],
            [
              -55.968091,
              -27.3999754
            ],
            [
              -55.9681606,
              -27.399937
            ],
            [
              -55.9681933,
              -27.3999837
            ],
            [
              -55.9681237,
              -27.4000221
            ],
            [
              -55.9681125,
              -27.400006
            ]
          ]
        ]
      },
      "id": "way/1044551956"
    },
    {
      "type": "Feature",
      "properties": {
        "@id": "way/1044551957",
        "area": "yes",
        "athletics": "pole_vault",
        "leisure": "track",
        "sport": "athletics",
        "surface": "tartan"
      },
      "geometry": {
        "type": "Polygon",
        "coordinates": [
          [
            [
              -55.9681125,
              -27.400006
            ],
            [
              -55.9677953,
              -27.4001814
            ],
            [
              -55.967785,
              -27.4001668
            ],
            [
              -55.9681022,
              -27.3999914
            ],
            [
              -55.9681125,
              -27.400006
            ]
          ]
        ]
      },
      "id": "way/1044551957"
    },
    {
      "type": "Feature",
      "properties": {
        "@id": "way/1044551958",
        "area": "yes",
        "athletics": "javelin_throw",
        "leisure": "track",
        "sport": "athletics",
        "surface": "tartan"
      },
      "geometry": {
        "type": "Polygon",
        "coordinates": [
          [
            [
              -55.9679174,
              -27.4000015
            ],
            [
              -55.9680573,
              -27.4001966
            ],
            [
              -55.9680184,
              -27.4002186
            ],
            [
              -55.9678784,
              -27.4000235
            ],
            [
              -55.9679174,
              -27.4000015
            ]
          ]
        ]
      },
      "id": "way/1044551958"
    },
    {
      "type": "Feature",
      "properties": {
        "@id": "way/1044551959",
        "area": "yes",
        "athletics": "steeplechase",
        "leisure": "track",
        "sport": "athletics",
        "surface": "tartan"
      },
      "geometry": {
        "type": "Polygon",
        "coordinates": [
          [
            [
              -55.9677709,
              -27.4002532
            ],
            [
              -55.9678095,
              -27.4002478
            ],
            [
              -55.9678698,
              -27.4002329
            ],
            [
              -55.9681334,
              -27.4000864
            ],
            [
              -55.9681655,
              -27.4000578
            ],
            [
              -55.9681953,
              -27.4000292
            ],
            [
              -55.9681728,
              -27.4000778
            ],
            [
              -55.9681419,
              -27.4001226
            ],
            [
              -55.9678962,
              -27.4002555
            ],
            [
              -55.9678375,
              -27.4002593
            ],
            [
              -55.9677709,
              -27.4002532
            ]
          ]
        ]
      },
      "id": "way/1044551959"
    },
    {
      "type": "Feature",
      "properties": {
        "@id": "way/1044551960",
        "athletics": "javelin_throw",
        "leisure": "pitch",
        "sport": "athletics",
        "surface": "grass"
      },
      "geometry": {
        "type": "Polygon",
        "coordinates": [
          [
            [
              -55.9673137,
              -27.3991905
            ],
            [
              -55.9673475,
              -27.3991711
            ],
            [
              -55.9678611,
              -27.3995977
            ],
            [
              -55.9674789,
              -27.3997894
            ],
            [
              -55.9673137,
              -27.3991905
            ]
          ]
        ]
      },
      "id": "way/1044551960"
    },
    {
      "type": "Feature",
      "properties": {
        "@id": "way/1044551961",
        "area": "yes",
        "athletics": "javelin_throw",
        "leisure": "track",
        "sport": "athletics",
        "surface": "tartan"
      },
      "geometry": {
        "type": "Polygon",
        "coordinates": [
          [
            [
              -55.96722,
              -27.3989955
            ],
            [
              -55.9673475,
              -27.3991711
            ],
            [
              -55.9673137,
              -27.3991905
            ],
            [
              -55.9671862,
              -27.3990148
            ],
            [
              -55.96722,
              -27.3989955
            ]
          ]
        ]
      },
      "id": "way/1044551961"
    },
    {
      "type": "Feature",
      "properties": {
        "@id": "way/1044551962",
        "athletics": "high_jump",
        "leisure": "pitch",
        "sport": "athletics",
        "surface": "tartan"
      },
      "geometry": {
        "type": "Polygon",
        "coordinates": [
          [
            [
              -55.9675278,
              -27.3989769
            ],
            [
              -55.9674776,
              -27.399094
            ],
            [
              -55.9673475,
              -27.3991711
            ],
            [
              -55.9673137,
              -27.3991905
            ],
            [
              -55.9672013,
              -27.3992571
            ],
            [
              -55.9670276,
              -27.3992481
            ],
            [
              -55.9670348,
              -27.3992072
            ],
            [
              -55.9670557,
              -27.399153
            ],
            [
              -55.9670867,
              -27.3991028
            ],
            [
              -55.967127,
              -27.3990581
            ],
            [
              -55.9671754,
              -27.3990202
            ],
            [
              -55.9671862,
              -27.3990148
            ],
            [
              -55.96722,
              -27.3989955
            ],
            [
              -55.9672303,
              -27.3989903
            ],
            [
              -55.9672902,
              -27.3989692
            ],
            [
              -55.9673534,
              -27.3989575
            ],
            [
              -55.9674178,
              -27.3989556
            ],
            [
              -55.9674817,
              -27.3989636
            ],
            [
              -55.9675278,
              -27.3989769
            ]
          ]
        ]
      },
      "id": "way/1044551962"
    },
    {
      "type": "Feature",
      "properties": {
        "@id": "way/1044551963",
        "area": "yes",
        "athletics": "sprint",
        "lanes": 8,
        "leisure": "track",
        "sport": "athletics",
        "surface": "tartan"
      },
      "geometry": {
        "type": "Polygon",
        "coordinates": [
          [
            [
              -55.9675939,
              -27.4003706
            ],
            [
              -55.966891,
              -27.3993801
            ],
            [
              -55.9669815,
              -27.3993295
            ],
            [
              -55.9670898,
              -27.3994821
            ],
            [
              -55.9675406,
              -27.4001173
            ],
            [
              -55.9676844,
              -27.4003199
            ],
            [
              -55.9675939,
              -27.4003706
            ]
          ]
        ]
      },
      "id": "way/1044551963"
    },
    {
      "type": "Feature",
      "properties": {
        "@id": "way/1125066901",
        "building": "yes"
      },
      "geometry": {
        "type": "Polygon",
        "coordinates": [
          [
            [
              -55.9673849,
              -27.4005247
            ],
            [
              -55.967326,
              -27.4005835
            ],
            [
              -55.9672484,
              -27.4005222
            ],
            [
              -55.9673073,
              -27.4004634
            ],
            [
              -55.9673849,
              -27.4005247
            ]
          ]
        ]
      },
      "id": "way/1125066901"
    },
    {
      "type": "Feature",
      "properties": {
        "@id": "way/1125066902",
        "building": "yes"
      },
      "geometry": {
        "type": "Polygon",
        "coordinates": [
          [
            [
              -55.9657652,
              -27.4003219
            ],
            [
              -55.9656675,
              -27.400421
            ],
            [
              -55.9654967,
              -27.4002883
            ],
            [
              -55.9655944,
              -27.4001892
            ],
            [
              -55.9657652,
              -27.4003219
            ]
          ]
        ]
      },
      "id": "way/1125066902"
    },
    {
      "type": "Feature",
      "properties": {
        "@id": "way/1128637945",
        "amenity": "public_bath"
      },
      "geometry": {
        "type": "Polygon",
        "coordinates": [
          [
            [
              -55.0547663,
              -26.9316041
            ],
            [
              -55.0547678,
              -26.931666
            ],
            [
              -55.0546753,
              -26.9316678
            ],
            [
              -55.0546738,
              -26.9316059
            ],
            [
              -55.0547663,
              -26.9316041
            ]
          ]
        ]
      },
      "id": "way/1128637945"
    },
    {
      "type": "Feature",
      "properties": {
        "@id": "way/1246950114",
        "building": "yes"
      },
      "geometry": {
        "type": "Polygon",
        "coordinates": [
          [
            [
              -58.4541938,
              -34.6717002
            ],
            [
              -58.4541777,
              -34.6718143
            ],
            [
              -58.4540443,
              -34.6718016
            ],
            [
              -58.4540603,
              -34.6716874
            ],
            [
              -58.4541938,
              -34.6717002
            ]
          ]
        ]
      },
      "id": "way/1246950114"
    },
    {
      "type": "Feature",
      "properties": {
        "@id": "way/101711440",
        "bicycle": "designated",
        "highway": "service",
        "lanes": 1,
        "maxspeed": 30,
        "oneway": "yes",
        "smoothness": "excellent",
        "surface": "asphalt"
      },
      "geometry": {
        "type": "LineString",
        "coordinates": [
          [
            -55.9713065,
            -27.4034766
          ],
          [
            -55.9716967,
            -27.4029957
          ],
          [
            -55.9717789,
            -27.402832
          ]
        ]
      },
      "id": "way/101711440"
    },
    {
      "type": "Feature",
      "properties": {
        "@id": "way/101711449",
        "highway": "service",
        "surface": "asphalt"
      },
      "geometry": {
        "type": "LineString",
        "coordinates": [
          [
            -55.9732011,
            -27.4018415
          ],
          [
            -55.9731945,
            -27.4019616
          ],
          [
            -55.9731313,
            -27.4020638
          ],
          [
            -55.9730808,
            -27.4022636
          ],
          [
            -55.9730164,
            -27.4026844
          ],
          [
            -55.9729446,
            -27.4027725
          ]
        ]
      },
      "id": "way/101711449"
    },
    {
      "type": "Feature",
      "properties": {
        "@id": "way/101711460",
        "highway": "service",
        "surface": "asphalt"
      },
      "geometry": {
        "type": "LineString",
        "coordinates": [
          [
            -55.9729446,
            -27.4027725
          ],
          [
            -55.9727763,
            -27.4029333
          ]
        ]
      },
      "id": "way/101711460"
    },
    {
      "type": "Feature",
      "properties": {
        "@id": "way/101711462",
        "foot": "yes",
        "highway": "cycleway",
        "smoothness": "excellent",
        "surface": "asphalt"
      },
      "geometry": {
        "type": "LineString",
        "coordinates": [
          [
            -55.9702973,
            -27.4025045
          ],
          [
            -55.9701946,
            -27.4023778
          ],
          [
            -55.9700471,
            -27.4020826
          ],
          [
            -55.9699594,
            -27.4018998
          ],
          [
            -55.9699293,
            -27.4017769
          ],
          [
            -55.9699141,
            -27.4012397
          ],
          [
            -55.9699711,
            -27.4012225
          ],
          [
            -55.9700568,
            -27.4011868
          ],
          [
            -55.9702349,
            -27.4011676
          ],
          [
            -55.9703321,
            -27.4011547
          ],
          [
            -55.9703794,
            -27.4011296
          ],
          [
            -55.9704083,
            -27.4010587
          ],
          [
            -55.9704079,
            -27.4009191
          ],
          [
            -55.9704069,
            -27.4008502
          ]
        ]
      },
      "id": "way/101711462"
    },
    {
      "type": "Feature",
      "properties": {
        "@id": "way/108565980",
        "foot": "yes",
        "highway": "cycleway",
        "smoothness": "excellent",
        "surface": "asphalt"
      },
      "geometry": {
        "type": "LineString",
        "coordinates": [
          [
            -55.9698299,
            -27.4032743
          ],
          [
            -55.9697172,
            -27.4031398
          ],
          [
            -55.9696367,
            -27.4030565
          ],
          [
            -55.9695047,
            -27.40297
          ],
          [
            -55.9692966,
            -27.4029092
          ],
          [
            -55.9690949,
            -27.4028969
          ],
          [
            -55.9689008,
            -27.4028759
          ],
          [
            -55.9686954,
            -27.4028438
          ],
          [
            -55.9685826,
            -27.4027993
          ],
          [
            -55.9680159,
            -27.4024144
          ],
          [
            -55.9679577,
            -27.4023576
          ],
          [
            -55.9679354,
            -27.4023088
          ],
          [
            -55.9679509,
            -27.4022514
          ],
          [
            -55.9680033,
            -27.4022087
          ],
          [
            -55.9680636,
            -27.4021956
          ],
          [
            -55.9690252,
            -27.4021897
          ],
          [
            -55.969107,
            -27.4022028
          ],
          [
            -55.9691942,
            -27.4022456
          ],
          [
            -55.9692532,
            -27.4023028
          ],
          [
            -55.9692974,
            -27.4023599
          ],
          [
            -55.9693229,
            -27.4024492
          ],
          [
            -55.9693404,
            -27.4025302
          ],
          [
            -55.9693457,
            -27.4026016
          ],
          [
            -55.969343,
            -27.402679
          ],
          [
            -55.9693323,
            -27.4027469
          ],
          [
            -55.9693149,
            -27.4028207
          ],
          [
            -55.9692966,
            -27.4029092
          ]
        ]
      },
      "id": "way/108565980"
    },
    {
      "type": "Feature",
      "properties": {
        "@id": "way/184082074",
        "highway": "footway",
        "name": "Circuito Pedestre"
      },
      "geometry": {
        "type": "LineString",
        "coordinates": [
          [
            -61.1012481,
            -31.7350016
          ],
          [
            -61.1003921,
            -31.7316044
          ],
          [
            -61.1003264,
            -31.7315249
          ],
          [
            -61.1002693,
            -31.7314975
          ],
          [
            -61.1001994,
            -31.7314859
          ],
          [
            -61.1001529,
            -31.7314941
          ],
          [
            -61.1001125,
            -31.7315047
          ],
          [
            -61.1000669,
            -31.7315093
          ],
          [
            -61.099565,
            -31.7315989
          ],
          [
            -61.0994031,
            -31.7316638
          ],
          [
            -61.0973379,
            -31.7320071
          ],
          [
            -61.0972632,
            -31.732039
          ],
          [
            -61.0972512,
            -31.7320659
          ],
          [
            -61.097253,
            -31.7320887
          ],
          [
            -61.0974538,
            -31.732857
          ],
          [
            -61.0974598,
            -31.7328798
          ],
          [
            -61.0974683,
            -31.7329143
          ],
          [
            -61.0976741,
            -31.7337541
          ],
          [
            -61.098737,
            -31.7335605
          ],
          [
            -61.0987987,
            -31.7335973
          ],
          [
            -61.0988485,
            -31.7335871
          ],
          [
            -61.098914,
            -31.7335771
          ],
          [
            -61.0989625,
            -31.733586
          ],
          [
            -61.0990045,
            -31.7336245
          ],
          [
            -61.0990226,
            -31.7336619
          ],
          [
            -61.0990477,
            -31.7337468
          ],
          [
            -61.0994632,
            -31.735414
          ],
          [
            -61.099491,
            -31.7354543
          ],
          [
            -61.0995249,
            -31.7354738
          ],
          [
            -61.0995486,
            -31.7354781
          ],
          [
            -61.099579,
            -31.7354822
          ],
          [
            -61.0996403,
            -31.7354694
          ],
          [
            -61.1000461,
            -31.735396
          ],
          [
            -61.1001233,
            -31.7353423
          ],
          [
            -61.10104,
            -31.7351806
          ],
          [
            -61.1010824,
            -31.735175
          ],
          [
            -61.1011236,
            -31.7351675
          ],
          [
            -61.1011483,
            -31.7351404
          ],
          [
            -61.1011969,
            -31.7350957
          ],
          [
            -61.1012279,
            -31.7350418
          ],
          [
            -61.1012481,
            -31.7350016
          ]
        ]
      },
      "id": "way/184082074"
    },
    {
      "type": "Feature",
      "properties": {
        "@id": "way/185576659",
        "highway": "pedestrian",
        "oneway": "no"
      },
      "geometry": {
        "type": "LineString",
        "coordinates": [
          [
            -58.4505112,
            -34.672344
          ],
          [
            -58.4511058,
            -34.6732495
          ],
          [
            -58.4518379,
            -34.6743645
          ],
          [
            -58.4519077,
            -34.6744708
          ],
          [
            -58.4524486,
            -34.6752946
          ]
        ]
      },
      "id": "way/185576659"
    },
    {
      "type": "Feature",
      "properties": {
        "@id": "way/185576660",
        "access": "private",
        "foot": "yes",
        "highway": "pedestrian",
        "motor_vehicle": "no",
        "sidewalk": "no",
        "surface": "asphalt"
      },
      "geometry": {
        "type": "LineString",
        "coordinates": [
          [
            -58.4508332,
            -34.6716068
          ],
          [
            -58.4504947,
            -34.6714477
          ],
          [
            -58.4503306,
            -34.6714065
          ],
          [
            -58.4502719,
            -34.6713918
          ],
          [
            -58.449443,
            -34.6711838
          ],
          [
            -58.4493242,
            -34.671154
          ],
          [
            -58.448797,
            -34.6710218
          ],
          [
            -58.4485026,
            -34.670948
          ],
          [
            -58.4480325,
            -34.6708301
          ],
          [
            -58.4472238,
            -34.6706171
          ],
          [
            -58.4472418,
            -34.6705577
          ],
          [
            -58.4473887,
            -34.6703341
          ],
          [
            -58.447502,
            -34.6701479
          ],
          [
            -58.4476021,
            -34.6699832
          ]
        ]
      },
      "id": "way/185576660"
    },
    {
      "type": "Feature",
      "properties": {
        "@id": "way/185576661",
        "highway": "pedestrian",
        "oneway": "no"
      },
      "geometry": {
        "type": "LineString",
        "coordinates": [
          [
            -58.4509846,
            -34.6715139
          ],
          [
            -58.4508595,
            -34.6710682
          ],
          [
            -58.4507373,
            -34.6707453
          ],
          [
            -58.4505269,
            -34.6705565
          ],
          [
            -58.4504956,
            -34.6705436
          ],
          [
            -58.4503123,
            -34.6704682
          ],
          [
            -58.450248,
            -34.6704065
          ],
          [
            -58.4501729,
            -34.670327
          ],
          [
            -58.4501407,
            -34.6701859
          ],
          [
            -58.4502158,
            -34.6700976
          ],
          [
            -58.4503338,
            -34.670027
          ],
          [
            -58.4504411,
            -34.6699035
          ],
          [
            -58.4505269,
            -34.669727
          ],
          [
            -58.4506664,
            -34.6694888
          ],
          [
            -58.4508488,
            -34.6692858
          ],
          [
            -58.4509239,
            -34.6691182
          ],
          [
            -58.4509775,
            -34.6689417
          ],
          [
            -58.4509303,
            -34.6688315
          ],
          [
            -58.4507585,
            -34.6686852
          ],
          [
            -58.4505806,
            -34.6686064
          ],
          [
            -58.4504518,
            -34.668774
          ],
          [
            -58.4503079,
            -34.6688986
          ],
          [
            -58.450253,
            -34.6689426
          ],
          [
            -58.4501934,
            -34.6689764
          ],
          [
            -58.4501297,
            -34.6689997
          ],
          [
            -58.449579,
            -34.6690274
          ],
          [
            -58.4495431,
            -34.6690213
          ],
          [
            -58.44952,
            -34.6690174
          ],
          [
            -58.4494726,
            -34.6689973
          ],
          [
            -58.449461,
            -34.668986
          ],
          [
            -58.4494297,
            -34.6689556
          ],
          [
            -58.4493475,
            -34.6688427
          ],
          [
            -58.4493146,
            -34.668804
          ],
          [
            -58.4492712,
            -34.6687726
          ],
          [
            -58.4492238,
            -34.6687491
          ],
          [
            -58.4488884,
            -34.6686195
          ],
          [
            -58.4487907,
            -34.6685948
          ],
          [
            -58.4487204,
            -34.6685836
          ],
          [
            -58.4486387,
            -34.6685789
          ],
          [
            -58.4485415,
            -34.6685844
          ],
          [
            -58.4484844,
            -34.6685965
          ],
          [
            -58.4484254,
            -34.6686159
          ],
          [
            -58.4483549,
            -34.6686449
          ],
          [
            -58.4482527,
            -34.6687012
          ],
          [
            -58.4478402,
            -34.6689457
          ],
          [
            -58.447785,
            -34.668997
          ],
          [
            -58.4477127,
            -34.6690859
          ],
          [
            -58.4475744,
            -34.6692235
          ],
          [
            -58.4474889,
            -34.669302
          ],
          [
            -58.4473312,
            -34.6694538
          ],
          [
            -58.4472256,
            -34.6695369
          ],
          [
            -58.4471121,
            -34.6696365
          ],
          [
            -58.4470057,
            -34.6697664
          ]
        ]
      },
      "id": "way/185576661"
    },
    {
      "type": "Feature",
      "properties": {
        "@id": "way/185576663",
        "highway": "pedestrian",
        "oneway": "no"
      },
      "geometry": {
        "type": "LineString",
        "coordinates": [
          [
            -58.4472791,
            -34.6713499
          ],
          [
            -58.4482796,
            -34.6716
          ],
          [
            -58.4490649,
            -34.6717962
          ],
          [
            -58.4497491,
            -34.6719736
          ],
          [
            -58.4499356,
            -34.6720468
          ],
          [
            -58.450395,
            -34.6722484
          ]
        ]
      },
      "id": "way/185576663"
    },
    {
      "type": "Feature",
      "properties": {
        "@id": "way/185576665",
        "highway": "pedestrian",
        "oneway": "no"
      },
      "geometry": {
        "type": "LineString",
        "coordinates": [
          [
            -58.4474737,
            -34.6716742
          ],
          [
            -58.4475097,
            -34.671677
          ],
          [
            -58.4476143,
            -34.6717432
          ],
          [
            -58.4477401,
            -34.671858
          ],
          [
            -58.448137,
            -34.6721872
          ],
          [
            -58.4493827,
            -34.6732168
          ],
          [
            -58.4506668,
            -34.6744084
          ],
          [
            -58.4508595,
            -34.6745152
          ],
          [
            -58.4509187,
            -34.6745318
          ],
          [
            -58.4509482,
            -34.6745318
          ],
          [
            -58.4509804,
            -34.6745273
          ],
          [
            -58.4510153,
            -34.6745141
          ],
          [
            -58.4510502,
            -34.6745009
          ],
          [
            -58.4510743,
            -34.6744832
          ],
          [
            -58.4511235,
            -34.6744457
          ],
          [
            -58.4511475,
            -34.6744208
          ],
          [
            -58.4511617,
            -34.674387
          ],
          [
            -58.4511886,
            -34.6743627
          ],
          [
            -58.4512388,
            -34.6743406
          ]
        ]
      },
      "id": "way/185576665"
    },
    {
      "type": "Feature",
      "properties": {
        "@id": "way/185945333",
        "highway": "pedestrian"
      },
      "geometry": {
        "type": "LineString",
        "coordinates": [
          [
            -58.4483996,
            -34.6712528
          ],
          [
            -58.4470636,
            -34.6709353
          ],
          [
            -58.4464999,
            -34.6711727
          ],
          [
            -58.4464072,
            -34.6712117
          ],
          [
            -58.4461973,
            -34.6713001
          ]
        ]
      },
      "id": "way/185945333"
    },
    {
      "type": "Feature",
      "properties": {
        "@id": "way/185945335",
        "highway": "pedestrian"
      },
      "geometry": {
        "type": "LineString",
        "coordinates": [
          [
            -58.4480932,
            -34.6701743
          ],
          [
            -58.4476021,
            -34.6699832
          ],
          [
            -58.4470057,
            -34.6697664
          ]
        ]
      },
      "id": "way/185945335"
    },
    {
      "type": "Feature",
      "properties": {
        "@id": "way/185945337",
        "highway": "pedestrian"
      },
      "geometry": {
        "type": "LineString",
        "coordinates": [
          [
            -58.4504225,
            -34.6729744
          ],
          [
            -58.4508398,
            -34.6736728
          ],
          [
            -58.4509536,
            -34.6738632
          ],
          [
            -58.4510531,
            -34.6740298
          ],
          [
            -58.4512388,
            -34.6743406
          ],
          [
            -58.4515992,
            -34.6749576
          ]
        ]
      },
      "id": "way/185945337"
    },
    {
      "type": "Feature",
      "properties": {
        "@id": "way/185945338",
        "highway": "pedestrian"
      },
      "geometry": {
        "type": "LineString",
        "coordinates": [
          [
            -58.4546765,
            -34.6736141
          ],
          [
            -58.4546577,
            -34.6736494
          ],
          [
            -58.4546121,
            -34.6736891
          ],
          [
            -58.4545585,
            -34.6737332
          ],
          [
            -58.4544512,
            -34.6737928
          ],
          [
            -58.4543466,
            -34.6738215
          ],
          [
            -58.4542742,
            -34.6738325
          ],
          [
            -58.4541857,
            -34.673859
          ],
          [
            -58.4540811,
            -34.6738832
          ],
          [
            -58.4540033,
            -34.6739031
          ],
          [
            -58.4539094,
            -34.6739538
          ],
          [
            -58.4538424,
            -34.6739847
          ],
          [
            -58.4538021,
            -34.6740156
          ],
          [
            -58.4537351,
            -34.6740443
          ],
          [
            -58.4536519,
            -34.6740443
          ],
          [
            -58.4535634,
            -34.6740354
          ],
          [
            -58.453373,
            -34.6739759
          ],
          [
            -58.4532871,
            -34.673934
          ],
          [
            -58.4531959,
            -34.6738921
          ],
          [
            -58.4531778,
            -34.6738873
          ],
          [
            -58.4530889,
            -34.6738634
          ],
          [
            -58.4529857,
            -34.6738356
          ],
          [
            -58.4528682,
            -34.673804
          ],
          [
            -58.4527434,
            -34.6737705
          ],
          [
            -58.452465,
            -34.6736957
          ],
          [
            -58.4523524,
            -34.673666
          ],
          [
            -58.4522831,
            -34.6736459
          ],
          [
            -58.4522302,
            -34.6736305
          ],
          [
            -58.4521938,
            -34.6736162
          ],
          [
            -58.4521665,
            -34.673606
          ],
          [
            -58.4521241,
            -34.6735876
          ],
          [
            -58.4520818,
            -34.6735658
          ],
          [
            -58.4520474,
            -34.6735428
          ],
          [
            -58.4520004,
            -34.6735047
          ],
          [
            -58.451962,
            -34.6734648
          ],
          [
            -58.4519154,
            -34.6734113
          ],
          [
            -58.4518551,
            -34.6733253
          ],
          [
            -58.4518318,
            -34.673291
          ],
          [
            -58.451743,
            -34.6731604
          ],
          [
            -58.4516569,
            -34.6730091
          ],
          [
            -58.4514641,
            -34.6726705
          ],
          [
            -58.4514096,
            -34.6725707
          ],
          [
            -58.4513452,
            -34.6724891
          ],
          [
            -58.451254,
            -34.672381
          ],
          [
            -58.4512138,
            -34.6723171
          ],
          [
            -58.4511905,
            -34.6722806
          ],
          [
            -58.4511563,
            -34.6722236
          ],
          [
            -58.4511398,
            -34.6721705
          ],
          [
            -58.4511219,
            -34.6721097
          ],
          [
            -58.4511163,
            -34.6720492
          ]
        ]
      },
      "id": "way/185945338"
    },
    {
      "type": "Feature",
      "properties": {
        "@id": "way/185945339",
        "highway": "pedestrian"
      },
      "geometry": {
        "type": "LineString",
        "coordinates": [
          [
            -58.4497613,
            -34.6725991
          ],
          [
            -58.4497716,
            -34.672513
          ],
          [
            -58.449759,
            -34.6724663
          ],
          [
            -58.4497368,
            -34.6724303
          ],
          [
            -58.4496945,
            -34.67238
          ],
          [
            -58.449638,
            -34.6723424
          ],
          [
            -58.4489095,
            -34.6721504
          ],
          [
            -58.4477401,
            -34.671858
          ]
        ]
      },
      "id": "way/185945339"
    },
    {
      "type": "Feature",
      "properties": {
        "@id": "way/185945340",
        "highway": "pedestrian"
      },
      "geometry": {
        "type": "LineString",
        "coordinates": [
          [
            -58.4473312,
            -34.6694538
          ],
          [
            -58.4488697,
            -34.6703872
          ],
          [
            -58.4491012,
            -34.6705276
          ],
          [
            -58.44987,
            -34.6710112
          ],
          [
            -58.4499827,
            -34.6711259
          ],
          [
            -58.4502719,
            -34.6713918
          ]
        ]
      },
      "id": "way/185945340"
    },
    {
      "type": "Feature",
      "properties": {
        "@id": "way/185946285",
        "highway": "pedestrian"
      },
      "geometry": {
        "type": "LineString",
        "coordinates": [
          [
            -58.4510531,
            -34.6740298
          ],
          [
            -58.4501281,
            -34.6732322
          ],
          [
            -58.4499349,
            -34.6731133
          ]
        ]
      },
      "id": "way/185946285"
    },
    {
      "type": "Feature",
      "properties": {
        "@id": "way/189099081"
      },
      "geometry": {
        "type": "LineString",
        "coordinates": [
          [
            -58.4534077,
            -34.6735056
          ],
          [
            -58.4533383,
            -34.6735313
          ],
          [
            -58.4532499,
            -34.6735091
          ],
          [
            -58.4531754,
            -34.6734695
          ],
          [
            -58.4530018,
            -34.6732853
          ],
          [
            -58.4528978,
            -34.6731701
          ],
          [
            -58.4527047,
            -34.6729936
          ],
          [
            -58.4526176,
            -34.6729517
          ],
          [
            -58.4525377,
            -34.6729275
          ],
          [
            -58.4524624,
            -34.6729091
          ],
          [
            -58.4524195,
            -34.6729064
          ],
          [
            -58.4523628,
            -34.6728999
          ],
          [
            -58.4523223,
            -34.6728732
          ],
          [
            -58.4523151,
            -34.6728233
          ],
          [
            -58.4523171,
            -34.6726869
          ],
          [
            -58.4522809,
            -34.6726289
          ],
          [
            -58.4522578,
            -34.6725709
          ],
          [
            -58.4522509,
            -34.6725472
          ],
          [
            -58.4522746,
            -34.6725317
          ],
          [
            -58.4523161,
            -34.6725374
          ],
          [
            -58.4523596,
            -34.6725766
          ],
          [
            -58.452415,
            -34.672623
          ],
          [
            -58.4526188,
            -34.6726583
          ],
          [
            -58.4527961,
            -34.6726978
          ],
          [
            -58.4529127,
            -34.6727143
          ],
          [
            -58.4529757,
            -34.6727083
          ],
          [
            -58.4530365,
            -34.6726892
          ],
          [
            -58.4531137,
            -34.6726164
          ],
          [
            -58.4532035,
            -34.6725711
          ],
          [
            -58.4532623,
            -34.6725689
          ],
          [
            -58.4533234,
            -34.672584
          ],
          [
            -58.4533463,
            -34.672623
          ],
          [
            -58.4533377,
            -34.672663
          ],
          [
            -58.4533112,
            -34.672695
          ],
          [
            -58.4532136,
            -34.6727588
          ],
          [
            -58.453171,
            -34.6728014
          ],
          [
            -58.4531285,
            -34.6728517
          ],
          [
            -58.4531289,
            -34.672919
          ],
          [
            -58.4531577,
            -34.6729865
          ],
          [
            -58.4532075,
            -34.6730636
          ],
          [
            -58.4533386,
            -34.6732053
          ],
          [
            -58.4533913,
            -34.6733024
          ],
          [
            -58.4534277,
            -34.673405
          ],
          [
            -58.4534077,
            -34.6735056
          ]
        ]
      },
      "id": "way/189099081"
    },
    {
      "type": "Feature",
      "properties": {
        "@id": "way/191273536"
      },
      "geometry": {
        "type": "LineString",
        "coordinates": [
          [
            -58.4535951,
            -34.6736818
          ],
          [
            -58.453633,
            -34.6736505
          ],
          [
            -58.453682,
            -34.6735279
          ],
          [
            -58.4536823,
            -34.67344
          ],
          [
            -58.4536638,
            -34.6733766
          ],
          [
            -58.4536412,
            -34.6733314
          ],
          [
            -58.4536265,
            -34.6732421
          ],
          [
            -58.4536399,
            -34.6731925
          ],
          [
            -58.4536385,
            -34.6731528
          ],
          [
            -58.4535795,
            -34.673081
          ],
          [
            -58.4534977,
            -34.6730336
          ],
          [
            -58.4533892,
            -34.6730414
          ],
          [
            -58.4533196,
            -34.6730221
          ],
          [
            -58.4532727,
            -34.6729892
          ],
          [
            -58.453247,
            -34.6729519
          ],
          [
            -58.4532455,
            -34.6729114
          ],
          [
            -58.4532521,
            -34.6728713
          ],
          [
            -58.4532791,
            -34.6728306
          ],
          [
            -58.4533127,
            -34.6727954
          ],
          [
            -58.4533704,
            -34.6727502
          ],
          [
            -58.4534441,
            -34.6727138
          ],
          [
            -58.4535299,
            -34.6726983
          ],
          [
            -58.4535889,
            -34.6726796
          ],
          [
            -58.4536091,
            -34.6726432
          ],
          [
            -58.4536037,
            -34.672502
          ],
          [
            -58.4535688,
            -34.6724568
          ],
          [
            -58.453491,
            -34.6724303
          ],
          [
            -58.4532443,
            -34.6724502
          ],
          [
            -58.4531184,
            -34.6724649
          ],
          [
            -58.4530307,
            -34.6725042
          ],
          [
            -58.45293,
            -34.6725612
          ],
          [
            -58.4528908,
            -34.672568
          ],
          [
            -58.4528292,
            -34.6725547
          ],
          [
            -58.4527557,
            -34.6725256
          ],
          [
            -58.4526209,
            -34.6724969
          ],
          [
            -58.4525166,
            -34.6724866
          ],
          [
            -58.4523721,
            -34.6724112
          ],
          [
            -58.4522185,
            -34.6723559
          ],
          [
            -58.4520394,
            -34.6723299
          ],
          [
            -58.4519335,
            -34.6723155
          ],
          [
            -58.4518245,
            -34.6723018
          ],
          [
            -58.4517807,
            -34.6723313
          ],
          [
            -58.451737,
            -34.6724101
          ],
          [
            -58.4517002,
            -34.6724555
          ],
          [
            -58.4517122,
            -34.6724836
          ],
          [
            -58.4518422,
            -34.6725187
          ],
          [
            -58.451899,
            -34.6725454
          ],
          [
            -58.4519476,
            -34.6726039
          ],
          [
            -58.4519518,
            -34.6726711
          ],
          [
            -58.4519357,
            -34.6727835
          ],
          [
            -58.451938,
            -34.6728476
          ],
          [
            -58.4519687,
            -34.6728936
          ],
          [
            -58.4520827,
            -34.6729395
          ],
          [
            -58.4521856,
            -34.6729559
          ],
          [
            -58.4522965,
            -34.6729672
          ],
          [
            -58.4524416,
            -34.6729676
          ],
          [
            -58.4525394,
            -34.6729901
          ],
          [
            -58.452609,
            -34.6730445
          ],
          [
            -58.4526595,
            -34.6731041
          ],
          [
            -58.4526681,
            -34.6732527
          ],
          [
            -58.452674,
            -34.67329
          ],
          [
            -58.4526881,
            -34.6733189
          ],
          [
            -58.4527864,
            -34.6734255
          ],
          [
            -58.4528623,
            -34.6735203
          ],
          [
            -58.452878,
            -34.6735744
          ],
          [
            -58.4528978,
            -34.6736201
          ],
          [
            -58.4529279,
            -34.6736416
          ],
          [
            -58.4529682,
            -34.6736547
          ],
          [
            -58.4531016,
            -34.6736642
          ],
          [
            -58.4531948,
            -34.6736762
          ],
          [
            -58.4533063,
            -34.6736664
          ],
          [
            -58.4533688,
            -34.6736453
          ],
          [
            -58.4534987,
            -34.673665
          ],
          [
            -58.4535372,
            -34.6736799
          ],
          [
            -58.4535951,
            -34.6736818
          ]
        ]
      },
      "id": "way/191273536"
    },
    {
      "type": "Feature",
      "properties": {
        "@id": "way/205525932",
        "bridge": "yes",
        "covered": "yes",
        "highway": "footway",
        "layer": 1
      },
      "geometry": {
        "type": "LineString",
        "coordinates": [
          [
            -58.4545662,
            -34.6687863
          ],
          [
            -58.4542012,
            -34.6690593
          ]
        ]
      },
      "id": "way/205525932"
    },
    {
      "type": "Feature",
      "properties": {
        "@id": "way/205525933",
        "highway": "footway"
      },
      "geometry": {
        "type": "LineString",
        "coordinates": [
          [
            -58.4520597,
            -34.6706798
          ],
          [
            -58.4524832,
            -34.6702939
          ],
          [
            -58.4525776,
            -34.6702935
          ],
          [
            -58.4528826,
            -34.6700056
          ],
          [
            -58.4531901,
            -34.669761
          ],
          [
            -58.4534046,
            -34.6695716
          ],
          [
            -58.4538008,
            -34.6692551
          ],
          [
            -58.4538243,
            -34.6692363
          ],
          [
            -58.4539183,
            -34.6693103
          ],
          [
            -58.4540095,
            -34.6693822
          ]
        ]
      },
      "id": "way/205525933"
    },
    {
      "type": "Feature",
      "properties": {
        "@id": "way/205525934",
        "highway": "footway"
      },
      "geometry": {
        "type": "LineString",
        "coordinates": [
          [
            -58.4523456,
            -34.6708454
          ],
          [
            -58.4527638,
            -34.6705822
          ],
          [
            -58.452765,
            -34.670467
          ],
          [
            -58.4531125,
            -34.6701657
          ],
          [
            -58.4532871,
            -34.6700132
          ],
          [
            -58.4533925,
            -34.669921
          ],
          [
            -58.4536101,
            -34.669731
          ],
          [
            -58.4539862,
            -34.6694025
          ],
          [
            -58.4540095,
            -34.6693822
          ]
        ]
      },
      "id": "way/205525934"
    },
    {
      "type": "Feature",
      "properties": {
        "@id": "way/215426976",
        "intermittent": "yes",
        "name": "Río Las Talas",
        "waterway": "stream"
      },
      "geometry": {
        "type": "LineString",
        "coordinates": [
          [
            -66.8994046,
            -29.4359802
          ],
          [
            -66.8991351,
            -29.4366441
          ],
          [
            -66.8987316,
            -29.4370718
          ],
          [
            -66.8986389,
            -29.4371256
          ],
          [
            -66.8982843,
            -29.4373382
          ],
          [
            -66.897572,
            -29.4379048
          ],
          [
            -66.8972255,
            -29.4390649
          ],
          [
            -66.8968604,
            -29.4393149
          ],
          [
            -66.8964759,
            -29.4404258
          ],
          [
            -66.8964068,
            -29.4405665
          ],
          [
            -66.8963132,
            -29.4407111
          ],
          [
            -66.8961812,
            -29.4408354
          ],
          [
            -66.8959278,
            -29.4409577
          ],
          [
            -66.8957086,
            -29.44103
          ],
          [
            -66.8955681,
            -29.441119
          ],
          [
            -66.8950763,
            -29.4415065
          ],
          [
            -66.8945652,
            -29.4418879
          ],
          [
            -66.8945058,
            -29.4419514
          ],
          [
            -66.8944759,
            -29.4420404
          ],
          [
            -66.8943525,
            -29.4424891
          ],
          [
            -66.8942716,
            -29.4426726
          ],
          [
            -66.8941268,
            -29.4429192
          ],
          [
            -66.8939714,
            -29.4431361
          ],
          [
            -66.8936244,
            -29.4434475
          ],
          [
            -66.8934775,
            -29.4435866
          ],
          [
            -66.893403,
            -29.4437497
          ],
          [
            -66.8933306,
            -29.4439963
          ],
          [
            -66.8932523,
            -29.4445639
          ]
        ]
      },
      "id": "way/215426976"
    },
    {
      "type": "Feature",
      "properties": {
        "@id": "way/215579802",
        "highway": "track"
      },
      "geometry": {
        "type": "LineString",
        "coordinates": [
          [
            -66.8952571,
            -29.437829
          ],
          [
            -66.8955082,
            -29.4380622
          ],
          [
            -66.8956453,
            -29.4380872
          ],
          [
            -66.8958405,
            -29.4380985
          ]
        ]
      },
      "id": "way/215579802"
    },
    {
      "type": "Feature",
      "properties": {
        "@id": "way/215579817",
        "highway": "track"
      },
      "geometry": {
        "type": "LineString",
        "coordinates": [
          [
            -66.8946399,
            -29.436243
          ],
          [
            -66.8946448,
            -29.4363344
          ],
          [
            -66.8946916,
            -29.4372128
          ],
          [
            -66.894994,
            -29.4372738
          ],
          [
            -66.8951028,
            -29.4373415
          ],
          [
            -66.8952571,
            -29.437829
          ],
          [
            -66.8954693,
            -29.4389827
          ]
        ]
      },
      "id": "way/215579817"
    },
    {
      "type": "Feature",
      "properties": {
        "@id": "way/243244775",
        "highway": "footway"
      },
      "geometry": {
        "type": "LineString",
        "coordinates": [
          [
            -66.8986601,
            -29.4372363
          ],
          [
            -66.9004004,
            -29.4376319
          ],
          [
            -66.9010438,
            -29.4377782
          ],
          [
            -66.9010964,
            -29.4377565
          ],
          [
            -66.9012652,
            -29.4377854
          ],
          [
            -66.9015086,
            -29.4378794
          ],
          [
            -66.9015612,
            -29.4379854
          ],
          [
            -66.9015114,
            -29.4380649
          ],
          [
            -66.90065,
            -29.438686
          ],
          [
            -66.8998938,
            -29.4392311
          ],
          [
            -66.8994622,
            -29.439619
          ],
          [
            -66.898798,
            -29.4402924
          ],
          [
            -66.8980879,
            -29.4410123
          ],
          [
            -66.8977893,
            -29.441315
          ],
          [
            -66.8972211,
            -29.441891
          ],
          [
            -66.8963731,
            -29.4427506
          ],
          [
            -66.89571,
            -29.4434228
          ],
          [
            -66.8956374,
            -29.4434964
          ],
          [
            -66.895308,
            -29.4438132
          ],
          [
            -66.8952666,
            -29.443853
          ],
          [
            -66.8948856,
            -29.4440894
          ],
          [
            -66.8945569,
            -29.4442257
          ],
          [
            -66.8945022,
            -29.4442437
          ],
          [
            -66.8943182,
            -29.4443041
          ],
          [
            -66.8939934,
            -29.4443825
          ],
          [
            -66.8933102,
            -29.4444445
          ]
        ]
      },
      "id": "way/243244775"
    },
    {
      "type": "Feature",
      "properties": {
        "@id": "way/243244778",
        "bridge": "yes",
        "highway": "footway",
        "layer": 1
      },
      "geometry": {
        "type": "LineString",
        "coordinates": [
          [
            -66.8983979,
            -29.4371767
          ],
          [
            -66.8986601,
            -29.4372363
          ]
        ]
      },
      "id": "way/243244778"
    },
    {
      "type": "Feature",
      "properties": {
        "@id": "way/243244786",
        "highway": "footway"
      },
      "geometry": {
        "type": "LineString",
        "coordinates": [
          [
            -66.8920022,
            -29.4358064
          ],
          [
            -66.8920505,
            -29.4357947
          ],
          [
            -66.8921131,
            -29.4357942
          ],
          [
            -66.8943966,
            -29.4362787
          ],
          [
            -66.894475,
            -29.4362963
          ],
          [
            -66.8946448,
            -29.4363344
          ],
          [
            -66.8974838,
            -29.4369725
          ],
          [
            -66.8976485,
            -29.4370086
          ],
          [
            -66.8983979,
            -29.4371767
          ]
        ]
      },
      "id": "way/243244786"
    },
    {
      "type": "Feature",
      "properties": {
        "@id": "way/243244790",
        "highway": "footway"
      },
      "geometry": {
        "type": "LineString",
        "coordinates": [
          [
            -66.9004004,
            -29.4376319
          ],
          [
            -66.900319,
            -29.4379219
          ],
          [
            -66.9004618,
            -29.4384791
          ],
          [
            -66.90065,
            -29.438686
          ],
          [
            -66.9008667,
            -29.4389096
          ]
        ]
      },
      "id": "way/243244790"
    },
    {
      "type": "Feature",
      "properties": {
        "@id": "way/253636554"
      },
      "geometry": {
        "type": "LineString",
        "coordinates": [
          [
            -55.9666779,
            -27.4005808
          ],
          [
            -55.966399,
            -27.4003694
          ],
          [
            -55.9660569,
            -27.4007231
          ],
          [
            -55.9662978,
            -27.4009102
          ],
          [
            -55.9663518,
            -27.4008554
          ],
          [
            -55.9664104,
            -27.4009009
          ],
          [
            -55.9667057,
            -27.4006013
          ],
          [
            -55.9666779,
            -27.4005808
          ]
        ]
      },
      "id": "way/253636554"
    },
    {
      "type": "Feature",
      "properties": {
        "@id": "way/257593474",
        "highway": "pedestrian"
      },
      "geometry": {
        "type": "LineString",
        "coordinates": [
          [
            -58.447855,
            -34.6703361
          ],
          [
            -58.4478795,
            -34.6702969
          ],
          [
            -58.4479113,
            -34.6702616
          ],
          [
            -58.4479497,
            -34.6702309
          ],
          [
            -58.4479936,
            -34.6702057
          ],
          [
            -58.4480418,
            -34.6701867
          ],
          [
            -58.4480932,
            -34.6701743
          ],
          [
            -58.4481483,
            -34.6701689
          ],
          [
            -58.4482039,
            -34.6701711
          ],
          [
            -58.4482581,
            -34.670181
          ],
          [
            -58.4483096,
            -34.6701982
          ],
          [
            -58.4483569,
            -34.6702222
          ],
          [
            -58.4483985,
            -34.6702525
          ],
          [
            -58.4484334,
            -34.670288
          ],
          [
            -58.4484606,
            -34.6703279
          ],
          [
            -58.4484793,
            -34.670371
          ],
          [
            -58.4484889,
            -34.670416
          ],
          [
            -58.4484892,
            -34.6704617
          ],
          [
            -58.4484802,
            -34.6705068
          ],
          [
            -58.4484621,
            -34.67055
          ],
          [
            -58.4484354,
            -34.6705901
          ],
          [
            -58.448401,
            -34.670626
          ],
          [
            -58.4483597,
            -34.6706566
          ],
          [
            -58.4483128,
            -34.6706811
          ],
          [
            -58.4482615,
            -34.6706987
          ],
          [
            -58.4482074,
            -34.6707091
          ],
          [
            -58.448154,
            -34.6707119
          ],
          [
            -58.4481007,
            -34.6707075
          ],
          [
            -58.4480723,
            -34.6707012
          ],
          [
            -58.448049,
            -34.6706961
          ],
          [
            -58.4480003,
            -34.670678
          ],
          [
            -58.4479557,
            -34.6706537
          ],
          [
            -58.4479164,
            -34.6706237
          ],
          [
            -58.4478836,
            -34.670589
          ],
          [
            -58.447858,
            -34.6705503
          ],
          [
            -58.4478461,
            -34.6705223
          ],
          [
            -58.4478404,
            -34.6705088
          ],
          [
            -58.4478311,
            -34.6704654
          ],
          [
            -58.4478305,
            -34.6704214
          ],
          [
            -58.4478386,
            -34.6703779
          ],
          [
            -58.447855,
            -34.6703361
          ]
        ]
      },
      "id": "way/257593474"
    },
    {
      "type": "Feature",
      "properties": {
        "@id": "way/257593479",
        "highway": "pedestrian"
      },
      "geometry": {
        "type": "LineString",
        "coordinates": [
          [
            -58.4491012,
            -34.6705276
          ],
          [
            -58.448797,
            -34.6710218
          ]
        ]
      },
      "id": "way/257593479"
    },
    {
      "type": "Feature",
      "properties": {
        "@id": "way/257593485",
        "highway": "pedestrian"
      },
      "geometry": {
        "type": "LineString",
        "coordinates": [
          [
            -58.4493242,
            -34.671154
          ],
          [
            -58.4490649,
            -34.6717962
          ],
          [
            -58.4489095,
            -34.6721504
          ]
        ]
      },
      "id": "way/257593485"
    },
    {
      "type": "Feature",
      "properties": {
        "@id": "way/257593486",
        "highway": "pedestrian"
      },
      "geometry": {
        "type": "LineString",
        "coordinates": [
          [
            -58.4536007,
            -34.6729838
          ],
          [
            -58.4536919,
            -34.6730664
          ],
          [
            -58.4537574,
            -34.6731478
          ],
          [
            -58.4537804,
            -34.6732191
          ],
          [
            -58.4537928,
            -34.6733108
          ],
          [
            -58.4537928,
            -34.6734069
          ],
          [
            -58.453783,
            -34.673517
          ],
          [
            -58.4537802,
            -34.6735713
          ],
          [
            -58.4537663,
            -34.6737154
          ],
          [
            -58.4537351,
            -34.6740443
          ]
        ]
      },
      "id": "way/257593486"
    },
    {
      "type": "Feature",
      "properties": {
        "@id": "way/257593489",
        "highway": "pedestrian"
      },
      "geometry": {
        "type": "LineString",
        "coordinates": [
          [
            -58.4536024,
            -34.6727716
          ],
          [
            -58.4536851,
            -34.672734
          ],
          [
            -58.4537932,
            -34.6727094
          ],
          [
            -58.4539006,
            -34.6727206
          ],
          [
            -58.4539494,
            -34.6727257
          ],
          [
            -58.4541633,
            -34.6727644
          ],
          [
            -58.4541865,
            -34.6727663
          ],
          [
            -58.4543473,
            -34.6727795
          ],
          [
            -58.4544825,
            -34.6727728
          ],
          [
            -58.454617,
            -34.6727565
          ]
        ]
      },
      "id": "way/257593489"
    },
    {
      "type": "Feature",
      "properties": {
        "@id": "way/257593490"
      },
      "geometry": {
        "type": "LineString",
        "coordinates": [
          [
            -58.4500897,
            -34.672993
          ],
          [
            -58.450124,
            -34.6729076
          ],
          [
            -58.4501226,
            -34.6728178
          ],
          [
            -58.4500859,
            -34.6727335
          ],
          [
            -58.4502265,
            -34.6726211
          ],
          [
            -58.4503217,
            -34.672503
          ],
          [
            -58.4505112,
            -34.672344
          ],
          [
            -58.4509646,
            -34.6719636
          ],
          [
            -58.4508367,
            -34.6719706
          ],
          [
            -58.4508367,
            -34.6718744
          ],
          [
            -58.450395,
            -34.6722484
          ],
          [
            -58.450205,
            -34.6724093
          ],
          [
            -58.4500508,
            -34.6724931
          ],
          [
            -58.4499408,
            -34.6726167
          ],
          [
            -58.4498204,
            -34.6725946
          ],
          [
            -58.4497613,
            -34.6725991
          ],
          [
            -58.4497121,
            -34.6726029
          ],
          [
            -58.4496129,
            -34.6726397
          ],
          [
            -58.4495336,
            -34.6727009
          ],
          [
            -58.4494826,
            -34.67278
          ],
          [
            -58.4494656,
            -34.6728683
          ],
          [
            -58.4494843,
            -34.6729565
          ],
          [
            -58.4495368,
            -34.6730349
          ],
          [
            -58.4496177,
            -34.6730953
          ],
          [
            -58.4497181,
            -34.6731307
          ],
          [
            -58.4498271,
            -34.6731374
          ],
          [
            -58.4499328,
            -34.6731145
          ],
          [
            -58.4499349,
            -34.6731133
          ],
          [
            -58.4500236,
            -34.6730645
          ],
          [
            -58.4500897,
            -34.672993
          ]
        ]
      },
      "id": 254
    },
    {
      "type": "Feature",
      "properties": {
        "@id": "way/257593491"
      },
      "geometry": {
        "type": "LineString",
        "coordinates": [
          [
            -58.4512186,
            -34.6715172
          ],
          [
            -58.4510986,
            -34.6714336
          ],
          [
            -58.4510101,
            -34.6715034
          ],
          [
            -58.4509846,
            -34.6715139
          ],
          [
            -58.4509606,
            -34.6715238
          ],
          [
            -58.4508385,
            -34.6715195
          ],
          [
            -58.4508332,
            -34.6716068
          ],
          [
            -58.4508243,
            -34.671665
          ],
          [
            -58.4507146,
            -34.6717523
          ],
          [
            -58.4508226,
            -34.6718134
          ],
          [
            -58.4508367,
            -34.6718744
          ],
          [
            -58.4508367,
            -34.6719706
          ],
          [
            -58.4509646,
            -34.6719636
          ],
          [
            -58.4510084,
            -34.6719721
          ],
          [
            -58.4511163,
            -34.6720492
          ],
          [
            -58.4511977,
            -34.671991
          ],
          [
            -58.4512544,
            -34.6719677
          ],
          [
            -58.4513765,
            -34.6719706
          ],
          [
            -58.4513782,
            -34.6718789
          ],
          [
            -58.4513941,
            -34.6718251
          ],
          [
            -58.4514932,
            -34.6717407
          ],
          [
            -58.4513995,
            -34.6716708
          ],
          [
            -58.4513581,
            -34.6716363
          ],
          [
            -58.4513641,
            -34.6715034
          ],
          [
            -58.4512186,
            -34.6715172
          ]
        ]
      },
      "id": "way/257593491"
    },
    {
      "type": "Feature",
      "properties": {
        "@id": "way/257593492"
      },
      "geometry": {
        "type": "LineString",
        "coordinates": [
          [
            -58.4531778,
            -34.6738873
          ],
          [
            -58.4530889,
            -34.6738634
          ],
          [
            -58.4529857,
            -34.6738356
          ],
          [
            -58.4528657,
            -34.6741369
          ],
          [
            -58.4527452,
            -34.6741904
          ],
          [
            -58.4526459,
            -34.6742345
          ],
          [
            -58.4526143,
            -34.6741952
          ],
          [
            -58.4525799,
            -34.6741703
          ],
          [
            -58.4525401,
            -34.6741543
          ],
          [
            -58.4524919,
            -34.6741447
          ],
          [
            -58.4524462,
            -34.6741431
          ],
          [
            -58.4524056,
            -34.6741484
          ],
          [
            -58.4523703,
            -34.6741618
          ],
          [
            -58.4523504,
            -34.6741752
          ],
          [
            -58.4523404,
            -34.6741887
          ],
          [
            -58.452333,
            -34.6742037
          ],
          [
            -58.4522821,
            -34.6741703
          ],
          [
            -58.4522334,
            -34.6741569
          ],
          [
            -58.4521764,
            -34.6741753
          ],
          [
            -58.4521459,
            -34.6741903
          ],
          [
            -58.452085,
            -34.6742238
          ],
          [
            -58.4520667,
            -34.6742539
          ],
          [
            -58.4520301,
            -34.6742923
          ],
          [
            -58.4520057,
            -34.6743207
          ],
          [
            -58.4519488,
            -34.6743257
          ],
          [
            -58.4519122,
            -34.6743425
          ],
          [
            -58.4518379,
            -34.6743645
          ],
          [
            -58.4519077,
            -34.6744708
          ],
          [
            -58.4520267,
            -34.6744281
          ],
          [
            -58.4520788,
            -34.6743804
          ],
          [
            -58.4520854,
            -34.6743623
          ],
          [
            -58.4520959,
            -34.6743444
          ],
          [
            -58.4521099,
            -34.6743284
          ],
          [
            -58.452131,
            -34.6743133
          ],
          [
            -58.4521489,
            -34.6743047
          ],
          [
            -58.4521831,
            -34.6743005
          ],
          [
            -58.4522175,
            -34.6743006
          ],
          [
            -58.4522504,
            -34.6743002
          ],
          [
            -58.4522889,
            -34.6743026
          ],
          [
            -58.4523101,
            -34.6743102
          ],
          [
            -58.4523277,
            -34.6743195
          ],
          [
            -58.4523486,
            -34.674338
          ],
          [
            -58.4527381,
            -34.6749703
          ],
          [
            -58.4527481,
            -34.6749993
          ],
          [
            -58.4527529,
            -34.6750275
          ],
          [
            -58.4527498,
            -34.6750569
          ],
          [
            -58.4527297,
            -34.6750897
          ],
          [
            -58.452712,
            -34.6751101
          ],
          [
            -58.4526901,
            -34.6751255
          ],
          [
            -58.4526718,
            -34.6751359
          ],
          [
            -58.4527376,
            -34.6752132
          ],
          [
            -58.4527522,
            -34.6752303
          ],
          [
            -58.4528355,
            -34.6751935
          ],
          [
            -58.4528802,
            -34.6751233
          ],
          [
            -58.4528762,
            -34.6751082
          ],
          [
            -58.4529066,
            -34.6750865
          ],
          [
            -58.4529676,
            -34.6750564
          ],
          [
            -58.452992,
            -34.675033
          ],
          [
            -58.4530209,
            -34.6749992
          ],
          [
            -58.453035,
            -34.6749595
          ],
          [
            -58.4530409,
            -34.6749261
          ],
          [
            -58.453056,
            -34.6748698
          ],
          [
            -58.4532697,
            -34.6747755
          ],
          [
            -58.4533662,
            -34.6746993
          ],
          [
            -58.453383,
            -34.6746799
          ],
          [
            -58.4533872,
            -34.6746629
          ],
          [
            -58.4533825,
            -34.6746472
          ],
          [
            -58.4533679,
            -34.6746359
          ],
          [
            -58.4533163,
            -34.6746197
          ],
          [
            -58.4530624,
            -34.6741912
          ],
          [
            -58.4531778,
            -34.6738873
          ]
        ]
      },
      "id": "way/257593492"
    },
    {
      "type": "Feature",
      "properties": {
        "@id": "way/257593497",
        "foot": "no",
        "highway": "pedestrian",
        "motor_vehicle": "no",
        "name": "Camino Perimetral"
      },
      "geometry": {
        "type": "LineString",
        "coordinates": [
          [
            -58.452731,
            -34.6692869
          ],
          [
            -58.4527335,
            -34.669282
          ],
          [
            -58.4528272,
            -34.6692013
          ],
          [
            -58.4528329,
            -34.6691988
          ],
          [
            -58.4528398,
            -34.6692009
          ],
          [
            -58.4531987,
            -34.6694765
          ],
          [
            -58.4532001,
            -34.6694816
          ],
          [
            -58.4531982,
            -34.6694875
          ],
          [
            -58.4531011,
            -34.6695669
          ],
          [
            -58.4530936,
            -34.6695697
          ],
          [
            -58.4530852,
            -34.669567
          ],
          [
            -58.4527694,
            -34.6693219
          ],
          [
            -58.4527324,
            -34.6692922
          ],
          [
            -58.452731,
            -34.6692869
          ],
          [
            -58.4524619,
            -34.669285
          ],
          [
            -58.4521424,
            -34.6692204
          ],
          [
            -58.4519851,
            -34.6691511
          ],
          [
            -58.4518448,
            -34.6689725
          ],
          [
            -58.4517882,
            -34.6687512
          ],
          [
            -58.4518236,
            -34.6685533
          ],
          [
            -58.4518361,
            -34.6683261
          ],
          [
            -58.4517744,
            -34.6679996
          ],
          [
            -58.4517144,
            -34.667826
          ],
          [
            -58.451555,
            -34.6676216
          ],
          [
            -58.4514976,
            -34.6675602
          ],
          [
            -58.4513251,
            -34.6673974
          ],
          [
            -58.4511622,
            -34.6672821
          ],
          [
            -58.4510194,
            -34.6671933
          ],
          [
            -58.450897,
            -34.6671209
          ],
          [
            -58.4506394,
            -34.66701
          ],
          [
            -58.450428,
            -34.6669727
          ],
          [
            -58.4501817,
            -34.6669335
          ],
          [
            -58.4498213,
            -34.6669271
          ],
          [
            -58.4495329,
            -34.6669571
          ],
          [
            -58.4491833,
            -34.6670746
          ],
          [
            -58.449155,
            -34.6670862
          ],
          [
            -58.4487091,
            -34.6673482
          ],
          [
            -58.4482308,
            -34.6676751
          ],
          [
            -58.4465037,
            -34.6689394
          ],
          [
            -58.4461325,
            -34.6692112
          ],
          [
            -58.445991,
            -34.6693974
          ],
          [
            -58.4458919,
            -34.669607
          ],
          [
            -58.4457998,
            -34.6698632
          ],
          [
            -58.4457998,
            -34.6699447
          ],
          [
            -58.4457715,
            -34.6701426
          ],
          [
            -58.4457998,
            -34.6703813
          ],
          [
            -58.4458352,
            -34.6705327
          ],
          [
            -58.4459973,
            -34.6708816
          ],
          [
            -58.4461973,
            -34.6713001
          ],
          [
            -58.4465721,
            -34.6720842
          ],
          [
            -58.447323,
            -34.6736553
          ],
          [
            -58.4473898,
            -34.6737688
          ],
          [
            -58.4474683,
            -34.6738659
          ],
          [
            -58.4476248,
            -34.67401
          ],
          [
            -58.447669,
            -34.6740508
          ],
          [
            -58.4478308,
            -34.6742086
          ],
          [
            -58.4479152,
            -34.674278
          ],
          [
            -58.4480228,
            -34.6743423
          ],
          [
            -58.4481914,
            -34.6744291
          ],
          [
            -58.4504081,
            -34.6754207
          ],
          [
            -58.4505513,
            -34.675223
          ],
          [
            -58.4505584,
            -34.6752
          ],
          [
            -58.4505537,
            -34.6751798
          ],
          [
            -58.4504953,
            -34.6751059
          ],
          [
            -58.4500153,
            -34.6746536
          ],
          [
            -58.4499696,
            -34.6745388
          ],
          [
            -58.4499615,
            -34.6743445
          ],
          [
            -58.4505863,
            -34.6745817
          ]
        ]
      },
      "id": "way/257593497"
    },
    {
      "type": "Feature",
      "properties": {
        "@id": "way/257593498",
        "highway": "pedestrian"
      },
      "geometry": {
        "type": "LineString",
        "coordinates": [
          [
            -58.451555,
            -34.6676216
          ],
          [
            -58.4514091,
            -34.667767
          ],
          [
            -58.4505806,
            -34.6686064
          ]
        ]
      },
      "id": "way/257593498"
    },
    {
      "type": "Feature",
      "properties": {
        "@id": "way/257593499",
        "highway": "pedestrian"
      },
      "geometry": {
        "type": "LineString",
        "coordinates": [
          [
            -58.4484254,
            -34.6686159
          ],
          [
            -58.4483052,
            -34.6684995
          ],
          [
            -58.4482011,
            -34.668366
          ],
          [
            -58.4481711,
            -34.668285
          ],
          [
            -58.4481749,
            -34.6681872
          ],
          [
            -58.4482295,
            -34.6680814
          ],
          [
            -58.4483962,
            -34.667925
          ],
          [
            -58.4484029,
            -34.6678739
          ],
          [
            -58.4483172,
            -34.6677789
          ],
          [
            -58.4482308,
            -34.6676751
          ]
        ]
      },
      "id": "way/257593499"
    },
    {
      "type": "Feature",
      "properties": {
        "@id": "way/266244306",
        "layer": 1,
        "name": "Vertigorama Rollercoaster",
        "roller_coaster": "track",
        "website": "http://www.ocpc.com.ar/a_vertigorama.htm"
      },
      "geometry": {
        "type": "LineString",
        "coordinates": [
          [
            -58.4481589,
            -34.6728335
          ],
          [
            -58.4481101,
            -34.6727833
          ],
          [
            -58.4480738,
            -34.6727438
          ],
          [
            -58.4480585,
            -34.6727225
          ],
          [
            -58.448051,
            -34.6727035
          ],
          [
            -58.4480475,
            -34.6726768
          ],
          [
            -58.4480451,
            -34.6726496
          ],
          [
            -58.4480493,
            -34.6726253
          ],
          [
            -58.4480535,
            -34.672601
          ],
          [
            -58.4480714,
            -34.6725673
          ],
          [
            -58.4480899,
            -34.6725483
          ],
          [
            -58.4481171,
            -34.6725239
          ],
          [
            -58.4481446,
            -34.6725054
          ],
          [
            -58.448178,
            -34.6724893
          ],
          [
            -58.4482138,
            -34.6724814
          ],
          [
            -58.4482536,
            -34.6724779
          ],
          [
            -58.448295,
            -34.6724797
          ],
          [
            -58.448332,
            -34.6724876
          ],
          [
            -58.4483836,
            -34.6725214
          ],
          [
            -58.4484618,
            -34.6725903
          ]
        ]
      },
      "id": "way/266244306"
    },
    {
      "type": "Feature",
      "properties": {
        "@id": "way/286974114",
        "covered": "yes",
        "highway": "service",
        "oneway": "yes",
        "surface": "asphalt"
      },
      "geometry": {
        "type": "LineString",
        "coordinates": [
          [
            -55.9664338,
            -27.3991952
          ],
          [
            -55.9664493,
            -27.3992391
          ]
        ]
      },
      "id": "way/286974114"
    },
    {
      "type": "Feature",
      "properties": {
        "@id": "way/288051143",
        "barrier": "fence"
      },
      "geometry": {
        "type": "LineString",
        "coordinates": [
          [
            -55.9685609,
            -27.4006823
          ],
          [
            -55.968564,
            -27.4010319
          ],
          [
            -55.9680041,
            -27.4010358
          ],
          [
            -55.968001,
            -27.4006863
          ],
          [
            -55.9685609,
            -27.4006823
          ]
        ]
      },
      "id": "way/288051143"
    },
    {
      "type": "Feature",
      "properties": {
        "@id": "way/288051144",
        "barrier": "fence"
      },
      "geometry": {
        "type": "LineString",
        "coordinates": [
          [
            -55.9677468,
            -27.4006946
          ],
          [
            -55.9677441,
            -27.4010454
          ],
          [
            -55.9675627,
            -27.4010381
          ],
          [
            -55.9675688,
            -27.4006982
          ],
          [
            -55.9677468,
            -27.4006946
          ]
        ]
      },
      "id": "way/288051144"
    },
    {
      "type": "Feature",
      "properties": {
        "@id": "way/290024051",
        "highway": "footway"
      },
      "geometry": {
        "type": "LineString",
        "coordinates": [
          [
            -62.3118467,
            -38.6939003
          ],
          [
            -62.3118795,
            -38.6938775
          ],
          [
            -62.3122666,
            -38.6935845
          ],
          [
            -62.3124787,
            -38.693424
          ],
          [
            -62.3127186,
            -38.6936123
          ],
          [
            -62.3129946,
            -38.6938288
          ],
          [
            -62.3131944,
            -38.6939939
          ],
          [
            -62.3133286,
            -38.6941042
          ],
          [
            -62.313118,
            -38.6942668
          ],
          [
            -62.3129841,
            -38.6941595
          ],
          [
            -62.3127769,
            -38.6939935
          ],
          [
            -62.3125083,
            -38.6937782
          ],
          [
            -62.3122666,
            -38.6935845
          ]
        ]
      },
      "id": "way/290024051"
    },
    {
      "type": "Feature",
      "properties": {
        "@id": "way/290024052",
        "highway": "track"
      },
      "geometry": {
        "type": "LineString",
        "coordinates": [
          [
            -62.309596,
            -38.6920987
          ],
          [
            -62.3099803,
            -38.6919923
          ],
          [
            -62.310327,
            -38.6918114
          ],
          [
            -62.3105586,
            -38.6916906
          ],
          [
            -62.3116546,
            -38.6912794
          ],
          [
            -62.3121207,
            -38.6911046
          ],
          [
            -62.3124109,
            -38.6910338
          ],
          [
            -62.3124805,
            -38.6911355
          ],
          [
            -62.3122253,
            -38.6914352
          ],
          [
            -62.3119194,
            -38.691644
          ],
          [
            -62.3118466,
            -38.691698
          ],
          [
            -62.3109909,
            -38.6922963
          ],
          [
            -62.310327,
            -38.6918114
          ]
        ]
      },
      "id": "way/290024052"
    },
    {
      "type": "Feature",
      "properties": {
        "@id": "way/290024061",
        "highway": "footway"
      },
      "geometry": {
        "type": "LineString",
        "coordinates": [
          [
            -62.3131944,
            -38.6939939
          ],
          [
            -62.3129841,
            -38.6941595
          ]
        ]
      },
      "id": "way/290024061"
    },
    {
      "type": "Feature",
      "properties": {
        "@id": "way/290024065",
        "highway": "footway"
      },
      "geometry": {
        "type": "LineString",
        "coordinates": [
          [
            -62.3127186,
            -38.6936123
          ],
          [
            -62.3125083,
            -38.6937782
          ]
        ]
      },
      "id": "way/290024065"
    },
    {
      "type": "Feature",
      "properties": {
        "@id": "way/290024066",
        "highway": "footway"
      },
      "geometry": {
        "type": "LineString",
        "coordinates": [
          [
            -62.3129946,
            -38.6938288
          ],
          [
            -62.3127769,
            -38.6939935
          ]
        ]
      },
      "id": "way/290024066"
    },
    {
      "type": "Feature",
      "properties": {
        "@id": "way/290024067",
        "highway": "track"
      },
      "geometry": {
        "type": "LineString",
        "coordinates": [
          [
            -62.315094,
            -38.6944522
          ],
          [
            -62.3147492,
            -38.6941413
          ],
          [
            -62.3140355,
            -38.6936335
          ],
          [
            -62.314142,
            -38.6934675
          ],
          [
            -62.3141527,
            -38.693367
          ],
          [
            -62.3139703,
            -38.6925882
          ],
          [
            -62.3138977,
            -38.6924051
          ],
          [
            -62.3136869,
            -38.6921558
          ],
          [
            -62.3125309,
            -38.690991
          ],
          [
            -62.3124109,
            -38.6910338
          ]
        ]
      },
      "id": "way/290024067"
    },
    {
      "type": "Feature",
      "properties": {
        "@id": "way/290024069",
        "highway": "track"
      },
      "geometry": {
        "type": "LineString",
        "coordinates": [
          [
            -62.3118466,
            -38.691698
          ],
          [
            -62.3117102,
            -38.6914758
          ],
          [
            -62.3116546,
            -38.6912794
          ]
        ]
      },
      "id": "way/290024069"
    },
    {
      "type": "Feature",
      "properties": {
        "@id": "way/293480618",
        "highway": "service",
        "oneway": "yes",
        "surface": "asphalt"
      },
      "geometry": {
        "type": "LineString",
        "coordinates": [
          [
            -55.9663165,
            -27.3988793
          ],
          [
            -55.9663569,
            -27.3990003
          ],
          [
            -55.9664209,
            -27.3991546
          ]
        ]
      },
      "id": "way/293480618"
    },
    {
      "type": "Feature",
      "properties": {
        "@id": "way/301582076",
        "addr:inclusion": "actual",
        "addr:interpolation": "odd"
      },
      "geometry": {
        "type": "LineString",
        "coordinates": [
          [
            -62.3097951,
            -38.6921523
          ],
          [
            -62.3137111,
            -38.6952482
          ]
        ]
      },
      "id": "way/301582076"
    },
    {
      "type": "Feature",
      "properties": {
        "@id": "way/301585782",
        "addr:inclusion": "actual",
        "addr:interpolation": "even"
      },
      "geometry": {
        "type": "LineString",
        "coordinates": [
          [
            -62.3124149,
            -38.690149
          ],
          [
            -62.3163259,
            -38.6933068
          ]
        ]
      },
      "id": "way/301585782"
    },
    {
      "type": "Feature",
      "properties": {
        "@id": "way/330312462",
        "highway": "pedestrian",
        "oneway": "no"
      },
      "geometry": {
        "type": "LineString",
        "coordinates": [
          [
            -58.44695,
            -34.6707928
          ],
          [
            -58.4470636,
            -34.6709353
          ],
          [
            -58.4472791,
            -34.6713499
          ],
          [
            -58.4474737,
            -34.6716742
          ],
          [
            -58.4477723,
            -34.6722065
          ],
          [
            -58.4477993,
            -34.6722443
          ],
          [
            -58.4478138,
            -34.6722611
          ],
          [
            -58.4478315,
            -34.6722818
          ],
          [
            -58.447912,
            -34.6722884
          ],
          [
            -58.4479603,
            -34.6722751
          ],
          [
            -58.448137,
            -34.6721872
          ]
        ]
      },
      "id": "way/330312462"
    },
    {
      "type": "Feature",
      "properties": {
        "@id": "way/330312512",
        "highway": "pedestrian",
        "surface": "asphalt"
      },
      "geometry": {
        "type": "LineString",
        "coordinates": [
          [
            -58.4481914,
            -34.6744291
          ],
          [
            -58.4481192,
            -34.6741956
          ],
          [
            -58.4479758,
            -34.6739205
          ],
          [
            -58.4479708,
            -34.6739075
          ],
          [
            -58.4477329,
            -34.6735464
          ],
          [
            -58.447737,
            -34.6733091
          ],
          [
            -58.447798,
            -34.6726537
          ],
          [
            -58.4478996,
            -34.6723745
          ],
          [
            -58.447912,
            -34.6722884
          ]
        ]
      },
      "id": "way/330312512"
    },
    {
      "type": "Feature",
      "properties": {
        "@id": "way/345421684",
        "foot": "yes",
        "highway": "cycleway",
        "smoothness": "excellent",
        "surface": "asphalt"
      },
      "geometry": {
        "type": "LineString",
        "coordinates": [
          [
            -55.971065,
            -27.3989721
          ],
          [
            -55.9710908,
            -27.3994704
          ],
          [
            -55.9710801,
            -27.3996084
          ],
          [
            -55.9710318,
            -27.3996988
          ],
          [
            -55.9709085,
            -27.3997584
          ],
          [
            -55.9707194,
            -27.3997858
          ],
          [
            -55.970525,
            -27.3998143
          ],
          [
            -55.9704284,
            -27.3998369
          ],
          [
            -55.9703251,
            -27.3998822
          ],
          [
            -55.9702621,
            -27.3999524
          ],
          [
            -55.97025,
            -27.4000251
          ],
          [
            -55.9702538,
            -27.4001512
          ],
          [
            -55.9703023,
            -27.4002751
          ],
          [
            -55.9703851,
            -27.4004049
          ],
          [
            -55.9704159,
            -27.4004942
          ],
          [
            -55.9704375,
            -27.4005717
          ],
          [
            -55.9704471,
            -27.4006847
          ],
          [
            -55.9704431,
            -27.4007395
          ],
          [
            -55.9704279,
            -27.4007854
          ],
          [
            -55.9704069,
            -27.4008502
          ],
          [
            -55.9703372,
            -27.4007775
          ],
          [
            -55.9702943,
            -27.400749
          ],
          [
            -55.97018,
            -27.4006907
          ],
          [
            -55.9701481,
            -27.4006287
          ],
          [
            -55.9701132,
            -27.4004358
          ],
          [
            -55.9700582,
            -27.400318
          ],
          [
            -55.97001,
            -27.4001978
          ],
          [
            -55.969955,
            -27.4001037
          ],
          [
            -55.9699237,
            -27.4000656
          ],
          [
            -55.9698812,
            -27.4000371
          ],
          [
            -55.9698047,
            -27.4000311
          ],
          [
            -55.9696666,
            -27.4000394
          ],
          [
            -55.9695191,
            -27.4000359
          ],
          [
            -55.9693031,
            -27.400031
          ],
          [
            -55.9690925,
            -27.3999894
          ],
          [
            -55.9689666,
            -27.3999192
          ],
          [
            -55.968875,
            -27.3997965
          ],
          [
            -55.9687613,
            -27.3993476
          ],
          [
            -55.9686447,
            -27.3990143
          ],
          [
            -55.9685119,
            -27.3987237
          ],
          [
            -55.9684904,
            -27.3986356
          ],
          [
            -55.9685026,
            -27.3984904
          ],
          [
            -55.9685209,
            -27.398451
          ],
          [
            -55.9685558,
            -27.3984296
          ],
          [
            -55.968642,
            -27.3984057
          ],
          [
            -55.9690386,
            -27.3983225
          ],
          [
            -55.9702714,
            -27.3981951
          ],
          [
            -55.9707261,
            -27.3981379
          ],
          [
            -55.9708588,
            -27.3981236
          ],
          [
            -55.9709443,
            -27.3981379
          ],
          [
            -55.9709876,
            -27.3981808
          ],
          [
            -55.9710063,
            -27.3983356
          ],
          [
            -55.9710332,
            -27.3986773
          ],
          [
            -55.971065,
            -27.3989721
          ]
        ]
      },
      "id": "way/345421684"
    },
    {
      "type": "Feature",
      "properties": {
        "@id": "way/345421707",
        "bicycle": "designated",
        "foot": "yes",
        "highway": "service",
        "lanes": 1,
        "maxspeed": 30,
        "motorcar": "yes",
        "motorcycle": "yes",
        "oneway": "yes",
        "smoothness": "excellent",
        "surface": "asphalt",
        "vehicle": "yes"
      },
      "geometry": {
        "type": "LineString",
        "coordinates": [
          [
            -55.9717789,
            -27.402832
          ],
          [
            -55.971664,
            -27.4027962
          ],
          [
            -55.971553,
            -27.4027517
          ],
          [
            -55.9714469,
            -27.4026988
          ],
          [
            -55.9713432,
            -27.4026385
          ]
        ]
      },
      "id": "way/345421707"
    },
    {
      "type": "Feature",
      "properties": {
        "@id": "way/345421710",
        "bicycle": "designated",
        "foot": "yes",
        "highway": "service",
        "lanes": 1,
        "maxspeed": 30,
        "motorcar": "yes",
        "motorcycle": "yes",
        "oneway": "yes",
        "smoothness": "excellent",
        "surface": "asphalt",
        "vehicle": "yes"
      },
      "geometry": {
        "type": "LineString",
        "coordinates": [
          [
            -55.9713432,
            -27.4026385
          ],
          [
            -55.9712568,
            -27.4025266
          ],
          [
            -55.9711538,
            -27.4024111
          ],
          [
            -55.9710332,
            -27.4023261
          ],
          [
            -55.9708893,
            -27.4022754
          ],
          [
            -55.9707458,
            -27.4022385
          ],
          [
            -55.9707074,
            -27.4022419
          ],
          [
            -55.970643,
            -27.4022639
          ],
          [
            -55.9702973,
            -27.4025045
          ],
          [
            -55.9700795,
            -27.4026737
          ],
          [
            -55.9700109,
            -27.4027409
          ],
          [
            -55.969972,
            -27.4027933
          ],
          [
            -55.9699087,
            -27.4029039
          ],
          [
            -55.9698768,
            -27.4029767
          ],
          [
            -55.9698594,
            -27.4030493
          ],
          [
            -55.9698412,
            -27.4031576
          ],
          [
            -55.9698299,
            -27.4032743
          ],
          [
            -55.9698258,
            -27.4033625
          ],
          [
            -55.969826,
            -27.4034571
          ],
          [
            -55.9698406,
            -27.4035518
          ],
          [
            -55.9698594,
            -27.403603
          ],
          [
            -55.9698958,
            -27.4036587
          ],
          [
            -55.9699693,
            -27.4037446
          ],
          [
            -55.9700549,
            -27.4038132
          ],
          [
            -55.9702153,
            -27.4039104
          ],
          [
            -55.9702933,
            -27.4039506
          ],
          [
            -55.9703753,
            -27.4039811
          ],
          [
            -55.970461,
            -27.4040066
          ],
          [
            -55.9705764,
            -27.4040153
          ],
          [
            -55.9707235,
            -27.4040146
          ],
          [
            -55.9708158,
            -27.4039924
          ],
          [
            -55.9708834,
            -27.4039819
          ],
          [
            -55.9709284,
            -27.4039966
          ]
        ]
      },
      "id": "way/345421710"
    },
    {
      "type": "Feature",
      "properties": {
        "@id": "way/371456630",
        "highway": "tertiary",
        "oneway": "yes",
        "surface": "asphalt"
      },
      "geometry": {
        "type": "LineString",
        "coordinates": [
          [
            -66.897714,
            -29.43684
          ],
          [
            -66.897682,
            -29.4369253
          ],
          [
            -66.8976485,
            -29.4370086
          ],
          [
            -66.8971363,
            -29.4382547
          ],
          [
            -66.8970776,
            -29.4383874
          ],
          [
            -66.8966764,
            -29.4392305
          ],
          [
            -66.896598,
            -29.4393935
          ],
          [
            -66.8965479,
            -29.439538
          ],
          [
            -66.8964784,
            -29.4398269
          ],
          [
            -66.896377,
            -29.4403283
          ],
          [
            -66.8963302,
            -29.4404592
          ],
          [
            -66.8962488,
            -29.4405577
          ],
          [
            -66.8961851,
            -29.4405977
          ],
          [
            -66.8960931,
            -29.4406377
          ],
          [
            -66.8948875,
            -29.4410435
          ],
          [
            -66.8936014,
            -29.4414764
          ],
          [
            -66.8933732,
            -29.4415485
          ],
          [
            -66.8931198,
            -29.4416192
          ],
          [
            -66.892961,
            -29.4416648
          ],
          [
            -66.8926906,
            -29.4417075
          ],
          [
            -66.8925552,
            -29.441714
          ]
        ]
      },
      "id": "way/371456630"
    },
    {
      "type": "Feature",
      "properties": {
        "@id": "way/371456632",
        "highway": "tertiary",
        "oneway": "yes",
        "surface": "asphalt"
      },
      "geometry": {
        "type": "LineString",
        "coordinates": [
          [
            -66.8925472,
            -29.4415956
          ],
          [
            -66.8925825,
            -29.4415956
          ],
          [
            -66.8927971,
            -29.4415868
          ],
          [
            -66.8929931,
            -29.4415603
          ],
          [
            -66.8932482,
            -29.4414985
          ],
          [
            -66.8934307,
            -29.4414382
          ],
          [
            -66.8935494,
            -29.441399
          ],
          [
            -66.8948793,
            -29.4409604
          ],
          [
            -66.8955347,
            -29.4407442
          ],
          [
            -66.8960286,
            -29.440558
          ],
          [
            -66.8961242,
            -29.4404856
          ],
          [
            -66.8962032,
            -29.4403659
          ],
          [
            -66.8962416,
            -29.4402605
          ],
          [
            -66.8963275,
            -29.4398265
          ],
          [
            -66.8963956,
            -29.4395102
          ],
          [
            -66.8964384,
            -29.4393691
          ],
          [
            -66.8965166,
            -29.4391972
          ],
          [
            -66.8968997,
            -29.4385021
          ],
          [
            -66.8970165,
            -29.4382538
          ],
          [
            -66.8970609,
            -29.4381435
          ],
          [
            -66.8974838,
            -29.4369725
          ],
          [
            -66.8975309,
            -29.4368901
          ],
          [
            -66.8975628,
            -29.4368066
          ]
        ]
      },
      "id": "way/371456632"
    },
    {
      "type": "Feature",
      "properties": {
        "@id": "way/443628221",
        "highway": "pedestrian"
      },
      "geometry": {
        "type": "LineString",
        "coordinates": [
          [
            -58.4524486,
            -34.6752946
          ],
          [
            -58.4515992,
            -34.6749576
          ],
          [
            -58.4514556,
            -34.6749043
          ],
          [
            -58.4505863,
            -34.6745817
          ],
          [
            -58.4505505,
            -34.67455
          ],
          [
            -58.450543,
            -34.6745182
          ],
          [
            -58.4505637,
            -34.6744744
          ],
          [
            -58.4506055,
            -34.6744399
          ],
          [
            -58.4506668,
            -34.6744084
          ]
        ]
      },
      "id": "way/443628221"
    },
    {
      "type": "Feature",
      "properties": {
        "@id": "way/464642226",
        "highway": "service"
      },
      "geometry": {
        "type": "LineString",
        "coordinates": [
          [
            -55.9733111,
            -27.4018399
          ],
          [
            -55.9732011,
            -27.4018415
          ]
        ]
      },
      "id": "way/464642226"
    },
    {
      "type": "Feature",
      "properties": {
        "@id": "way/464661653",
        "barrier": "fence",
        "fence_type": "wire",
        "height": 2
      },
      "geometry": {
        "type": "LineString",
        "coordinates": [
          [
            -55.9710982,
            -27.4019922
          ],
          [
            -55.9711626,
            -27.4021129
          ],
          [
            -55.9712458,
            -27.4024415
          ],
          [
            -55.9713235,
            -27.4025439
          ],
          [
            -55.971455,
            -27.4026582
          ],
          [
            -55.9716213,
            -27.4027463
          ],
          [
            -55.9718895,
            -27.4028034
          ],
          [
            -55.9723455,
            -27.4028582
          ],
          [
            -55.9725788,
            -27.4028701
          ],
          [
            -55.9727424,
            -27.4028225
          ],
          [
            -55.9729329,
            -27.4027105
          ],
          [
            -55.9730026,
            -27.4025986
          ],
          [
            -55.9730268,
            -27.402451
          ],
          [
            -55.9730268,
            -27.4022867
          ],
          [
            -55.9730402,
            -27.4021367
          ],
          [
            -55.9730992,
            -27.4020033
          ],
          [
            -55.9731779,
            -27.4019279
          ]
        ]
      },
      "id": "way/464661653"
    },
    {
      "type": "Feature",
      "properties": {
        "@id": "way/464661655",
        "highway": "service",
        "service": "driveway",
        "surface": "unpaved"
      },
      "geometry": {
        "type": "LineString",
        "coordinates": [
          [
            -55.9732302,
            -27.3995249
          ],
          [
            -55.9732082,
            -27.3995843
          ],
          [
            -55.9731614,
            -27.3997156
          ],
          [
            -55.9730859,
            -27.3997839
          ],
          [
            -55.9727875,
            -27.3998463
          ],
          [
            -55.9725023,
            -27.3998699
          ],
          [
            -55.9722154,
            -27.3999157
          ]
        ]
      },
      "id": "way/464661655"
    },
    {
      "type": "Feature",
      "properties": {
        "@id": "way/464661656",
        "highway": "residential",
        "surface": "asphalt"
      },
      "geometry": {
        "type": "LineString",
        "coordinates": [
          [
            -55.9730687,
            -27.3974512
          ],
          [
            -55.9731478,
            -27.3974882
          ],
          [
            -55.9731905,
            -27.3975129
          ],
          [
            -55.9732295,
            -27.3975475
          ],
          [
            -55.9732499,
            -27.3975772
          ],
          [
            -55.973265,
            -27.3976404
          ],
          [
            -55.9732302,
            -27.3995249
          ],
          [
            -55.9732199,
            -27.4003465
          ],
          [
            -55.9732011,
            -27.4018415
          ]
        ]
      },
      "id": "way/464661656"
    },
    {
      "type": "Feature",
      "properties": {
        "@id": "way/464661657",
        "barrier": "fence",
        "fence_type": "wire",
        "height": 2
      },
      "geometry": {
        "type": "LineString",
        "coordinates": [
          [
            -55.9710982,
            -27.4019922
          ],
          [
            -55.9710179,
            -27.4019359
          ],
          [
            -55.9703578,
            -27.3999764
          ],
          [
            -55.9732082,
            -27.3995843
          ],
          [
            -55.9731779,
            -27.4019279
          ]
        ]
      },
      "id": "way/464661657"
    },
    {
      "type": "Feature",
      "properties": {
        "@id": "way/464662612",
        "highway": "service",
        "surface": "ground"
      },
      "geometry": {
        "type": "LineString",
        "coordinates": [
          [
            -55.9730979,
            -27.4041132
          ],
          [
            -55.973096,
            -27.4041624
          ],
          [
            -55.9731224,
            -27.4042453
          ],
          [
            -55.9730929,
            -27.4048191
          ],
          [
            -55.9730933,
            -27.4050204
          ],
          [
            -55.9730998,
            -27.4052544
          ],
          [
            -55.9731013,
            -27.4053053
          ],
          [
            -55.9731064,
            -27.4054717
          ],
          [
            -55.9731064,
            -27.4055614
          ],
          [
            -55.9730891,
            -27.4056204
          ],
          [
            -55.9730054,
            -27.4056665
          ],
          [
            -55.972861,
            -27.4056434
          ],
          [
            -55.972812,
            -27.4055691
          ],
          [
            -55.9728206,
            -27.4054666
          ],
          [
            -55.9729072,
            -27.4054
          ],
          [
            -55.9729621,
            -27.4053692
          ],
          [
            -55.9730516,
            -27.405318
          ],
          [
            -55.9731013,
            -27.4053053
          ]
        ]
      },
      "id": "way/464662612"
    },
    {
      "type": "Feature",
      "properties": {
        "@id": "way/464662613",
        "bicycle": "designated",
        "foot": "yes",
        "highway": "service",
        "lanes": 1,
        "maxspeed": 30,
        "motorcar": "yes",
        "motorcycle": "yes",
        "oneway": "yes",
        "smoothness": "excellent",
        "surface": "asphalt",
        "vehicle": "yes"
      },
      "geometry": {
        "type": "LineString",
        "coordinates": [
          [
            -55.9727763,
            -27.4029333
          ],
          [
            -55.9728284,
            -27.4030014
          ],
          [
            -55.9729309,
            -27.4032291
          ],
          [
            -55.9729976,
            -27.4034262
          ],
          [
            -55.973074,
            -27.4037339
          ],
          [
            -55.9730993,
            -27.403902
          ],
          [
            -55.9731067,
            -27.4039971
          ],
          [
            -55.9730979,
            -27.4041132
          ],
          [
            -55.9730774,
            -27.4041569
          ],
          [
            -55.9730412,
            -27.4042196
          ],
          [
            -55.9729768,
            -27.4042547
          ],
          [
            -55.9728998,
            -27.4042775
          ],
          [
            -55.9727554,
            -27.4043069
          ],
          [
            -55.9726422,
            -27.4043126
          ],
          [
            -55.9725821,
            -27.4042963
          ],
          [
            -55.9725362,
            -27.4042364
          ],
          [
            -55.9725123,
            -27.404149
          ],
          [
            -55.9723415,
            -27.403582
          ],
          [
            -55.972305,
            -27.4034092
          ],
          [
            -55.9723167,
            -27.4032771
          ],
          [
            -55.9723367,
            -27.4031883
          ],
          [
            -55.9723686,
            -27.4031112
          ],
          [
            -55.9723694,
            -27.4030523
          ]
        ]
      },
      "id": "way/464662613"
    },
    {
      "type": "Feature",
      "properties": {
        "@id": "way/464664283"
      },
      "geometry": {
        "type": "LineString",
        "coordinates": [
          [
            -55.9710998,
            -27.3985746
          ],
          [
            -55.9710999,
            -27.3984753
          ],
          [
            -55.9711281,
            -27.3983793
          ],
          [
            -55.9711826,
            -27.3982926
          ],
          [
            -55.9712599,
            -27.3982209
          ],
          [
            -55.971355,
            -27.3981687
          ],
          [
            -55.9714618,
            -27.3981395
          ],
          [
            -55.9715735,
            -27.398135
          ],
          [
            -55.9716828,
            -27.3981556
          ],
          [
            -55.9717828,
            -27.3982
          ],
          [
            -55.971867,
            -27.3982652
          ],
          [
            -55.9718582,
            -27.3982093
          ],
          [
            -55.9719604,
            -27.3981959
          ],
          [
            -55.9721858,
            -27.3995513
          ],
          [
            -55.9721154,
            -27.3995605
          ],
          [
            -55.9721067,
            -27.3995114
          ],
          [
            -55.9720393,
            -27.3996004
          ],
          [
            -55.9719478,
            -27.3996706
          ],
          [
            -55.9718388,
            -27.3997169
          ],
          [
            -55.9717199,
            -27.3997362
          ],
          [
            -55.9715995,
            -27.399727
          ],
          [
            -55.9714861,
            -27.39969
          ],
          [
            -55.9713876,
            -27.3996278
          ],
          [
            -55.971311,
            -27.3995448
          ],
          [
            -55.9712616,
            -27.3994468
          ],
          [
            -55.9710998,
            -27.3985746
          ]
        ]
      },
      "id": "way/464664283"
    },
    {
      "type": "Feature",
      "properties": {
        "@id": "way/464793440",
        "highway": "footway",
        "smoothness": "intermediate",
        "surface": "concrete"
      },
      "geometry": {
        "type": "LineString",
        "coordinates": [
          [
            -55.9708311,
            -27.4041245
          ],
          [
            -55.9720991,
            -27.4038562
          ]
        ]
      },
      "id": "way/464793440"
    },
    {
      "type": "Feature",
      "properties": {
        "@id": "way/464793441",
        "highway": "footway",
        "smoothness": "intermediate",
        "surface": "concrete"
      },
      "geometry": {
        "type": "LineString",
        "coordinates": [
          [
            -55.9722487,
            -27.4037495
          ],
          [
            -55.9723544,
            -27.4042609
          ],
          [
            -55.9721883,
            -27.4042879
          ],
          [
            -55.9721726,
            -27.4042121
          ],
          [
            -55.9720991,
            -27.4038562
          ],
          [
            -55.9720858,
            -27.403792
          ]
        ]
      },
      "id": "way/464793441"
    },
    {
      "type": "Feature",
      "properties": {
        "@id": "way/464793442",
        "highway": "footway",
        "smoothness": "intermediate",
        "surface": "concrete"
      },
      "geometry": {
        "type": "LineString",
        "coordinates": [
          [
            -55.9721726,
            -27.4042121
          ],
          [
            -55.9718953,
            -27.4045972
          ],
          [
            -55.9717109,
            -27.4046377
          ],
          [
            -55.9708311,
            -27.4041245
          ]
        ]
      },
      "id": "way/464793442"
    },
    {
      "type": "Feature",
      "properties": {
        "@id": "way/465654957",
        "highway": "service",
        "surface": "asphalt"
      },
      "geometry": {
        "type": "LineString",
        "coordinates": [
          [
            -58.4452342,
            -34.6713796
          ],
          [
            -58.445342,
            -34.6713092
          ],
          [
            -58.4459973,
            -34.6708816
          ],
          [
            -58.4462113,
            -34.6707278
          ],
          [
            -58.4464402,
            -34.6704334
          ],
          [
            -58.4471451,
            -34.6691888
          ]
        ]
      },
      "id": "way/465654957"
    },
    {
      "type": "Feature",
      "properties": {
        "@id": "way/483015751",
        "highway": "pedestrian"
      },
      "geometry": {
        "type": "LineString",
        "coordinates": [
          [
            -55.9672147,
            -27.399851
          ],
          [
            -55.9670806,
            -27.3999084
          ],
          [
            -55.9669411,
            -27.3999203
          ],
          [
            -55.9668201,
            -27.4000187
          ],
          [
            -55.9665655,
            -27.4002787
          ]
        ]
      },
      "id": "way/483015751"
    },
    {
      "type": "Feature",
      "properties": {
        "@id": "way/531157868",
        "barrier": "fence",
        "fence_type": "wire",
        "height": 2
      },
      "geometry": {
        "type": "LineString",
        "coordinates": [
          [
            -55.9731779,
            -27.4019279
          ],
          [
            -55.9710982,
            -27.4019922
          ]
        ]
      },
      "id": "way/531157868"
    },
    {
      "type": "Feature",
      "properties": {
        "@id": "way/531159947"
      },
      "geometry": {
        "type": "LineString",
        "coordinates": [
          [
            -55.9666779,
            -27.4005808
          ],
          [
            -55.9667544,
            -27.4005013
          ],
          [
            -55.9664755,
            -27.4002898
          ],
          [
            -55.966399,
            -27.4003694
          ],
          [
            -55.9666779,
            -27.4005808
          ]
        ]
      },
      "id": "way/531159947"
    },
    {
      "type": "Feature",
      "properties": {
        "@id": "way/531160522",
        "footway": "sidewalk",
        "highway": "footway",
        "surface": "concrete"
      },
      "geometry": {
        "type": "LineString",
        "coordinates": [
          [
            -55.9673762,
            -27.40169
          ],
          [
            -55.9673763,
            -27.4017116
          ],
          [
            -55.9675451,
            -27.4018306
          ]
        ]
      },
      "id": "way/531160522"
    },
    {
      "type": "Feature",
      "properties": {
        "@id": "way/531160523",
        "footway": "sidewalk",
        "highway": "footway",
        "surface": "concrete"
      },
      "geometry": {
        "type": "LineString",
        "coordinates": [
          [
            -55.9676254,
            -27.4016865
          ],
          [
            -55.9673762,
            -27.40169
          ],
          [
            -55.9672052,
            -27.401691
          ],
          [
            -55.9671906,
            -27.401793
          ]
        ]
      },
      "id": "way/531160523"
    },
    {
      "type": "Feature",
      "properties": {
        "@id": "way/531160524",
        "footway": "sidewalk",
        "highway": "footway",
        "surface": "concrete"
      },
      "geometry": {
        "type": "LineString",
        "coordinates": [
          [
            -55.9677364,
            -27.4016752
          ],
          [
            -55.9676828,
            -27.4016765
          ],
          [
            -55.9676263,
            -27.4017345
          ],
          [
            -55.9675451,
            -27.4018306
          ]
        ]
      },
      "id": "way/531160524"
    },
    {
      "type": "Feature",
      "properties": {
        "@id": "way/531160525",
        "footway": "sidewalk",
        "highway": "footway",
        "surface": "concrete"
      },
      "geometry": {
        "type": "LineString",
        "coordinates": [
          [
            -55.9676149,
            -27.4010931
          ],
          [
            -55.9676254,
            -27.4016865
          ],
          [
            -55.9676263,
            -27.4017345
          ]
        ]
      },
      "id": "way/531160525"
    },
    {
      "type": "Feature",
      "properties": {
        "@id": "way/531160526",
        "footway": "sidewalk",
        "highway": "footway",
        "surface": "concrete"
      },
      "geometry": {
        "type": "LineString",
        "coordinates": [
          [
            -55.9685505,
            -27.4010624
          ],
          [
            -55.9677634,
            -27.4010608
          ],
          [
            -55.9676149,
            -27.4010931
          ],
          [
            -55.9675309,
            -27.4010943
          ]
        ]
      },
      "id": "way/531160526"
    },
    {
      "type": "Feature",
      "properties": {
        "@id": "way/531160527",
        "footway": "sidewalk",
        "highway": "footway",
        "surface": "concrete"
      },
      "geometry": {
        "type": "LineString",
        "coordinates": [
          [
            -55.9677722,
            -27.4005465
          ],
          [
            -55.9677634,
            -27.4010608
          ]
        ]
      },
      "id": "way/531160527"
    },
    {
      "type": "Feature",
      "properties": {
        "@id": "way/531160682",
        "highway": "service",
        "service": "parking_aisle",
        "surface": "unpaved"
      },
      "geometry": {
        "type": "LineString",
        "coordinates": [
          [
            -55.9671233,
            -27.4002608
          ],
          [
            -55.9669297,
            -27.4005083
          ],
          [
            -55.9671906,
            -27.4007466
          ],
          [
            -55.967271,
            -27.4009133
          ],
          [
            -55.967281,
            -27.4010048
          ]
        ]
      },
      "id": "way/531160682"
    },
    {
      "type": "Feature",
      "properties": {
        "@id": "way/551745871",
        "highway": "service"
      },
      "geometry": {
        "type": "LineString",
        "coordinates": [
          [
            -58.4557749,
            -34.6707284
          ],
          [
            -58.4556542,
            -34.6709187
          ],
          [
            -58.4556562,
            -34.6709524
          ],
          [
            -58.4556851,
            -34.6709904
          ],
          [
            -58.4557233,
            -34.6710075
          ],
          [
            -58.455958,
            -34.6710208
          ],
          [
            -58.4560157,
            -34.6709705
          ]
        ]
      },
      "id": "way/551745871"
    },
    {
      "type": "Feature",
      "properties": {
        "@id": "way/552732313",
        "highway": "pedestrian"
      },
      "geometry": {
        "type": "LineString",
        "coordinates": [
          [
            -58.4478461,
            -34.6705223
          ],
          [
            -58.4473887,
            -34.6703341
          ],
          [
            -58.4467982,
            -34.6700911
          ],
          [
            -58.4469135,
            -34.6699107
          ],
          [
            -58.4470057,
            -34.6697664
          ]
        ]
      },
      "id": "way/552732313"
    },
    {
      "type": "Feature",
      "properties": {
        "@id": "way/552732314",
        "highway": "pedestrian"
      },
      "geometry": {
        "type": "LineString",
        "coordinates": [
          [
            -58.4480723,
            -34.6707012
          ],
          [
            -58.4480325,
            -34.6708301
          ]
        ]
      },
      "id": "way/552732314"
    },
    {
      "type": "Feature",
      "properties": {
        "@id": "way/561659382",
        "cables": 3,
        "frequency": 50,
        "operator": "Electricidad de Misiones S.A.",
        "power": "minor_line",
        "voltage": 13200
      },
      "geometry": {
        "type": "LineString",
        "coordinates": [
          [
            -55.9867983,
            -27.3982152
          ],
          [
            -55.9868825,
            -27.3984609
          ],
          [
            -55.9863251,
            -27.3985464
          ],
          [
            -55.9857607,
            -27.3986517
          ],
          [
            -55.9851976,
            -27.3987633
          ],
          [
            -55.9845691,
            -27.3988759
          ],
          [
            -55.9840207,
            -27.3989763
          ],
          [
            -55.9834872,
            -27.3990708
          ],
          [
            -55.9828955,
            -27.3991816
          ],
          [
            -55.9823066,
            -27.3992874
          ],
          [
            -55.9816809,
            -27.3993958
          ],
          [
            -55.9812382,
            -27.3998052
          ],
          [
            -55.9807274,
            -27.4005912
          ],
          [
            -55.9804678,
            -27.4009691
          ],
          [
            -55.9804507,
            -27.4014428
          ],
          [
            -55.9805174,
            -27.4019253
          ],
          [
            -55.9805855,
            -27.4023384
          ],
          [
            -55.9806763,
            -27.4028839
          ],
          [
            -55.9807558,
            -27.4034003
          ],
          [
            -55.9808466,
            -27.403971
          ],
          [
            -55.9809133,
            -27.404369
          ],
          [
            -55.9809927,
            -27.4048729
          ],
          [
            -55.9810779,
            -27.4054297
          ],
          [
            -55.9811715,
            -27.4060179
          ],
          [
            -55.9812354,
            -27.4063832
          ],
          [
            -55.9813092,
            -27.406843
          ],
          [
            -55.9813829,
            -27.4073254
          ],
          [
            -55.9814468,
            -27.407721
          ],
          [
            -55.9815475,
            -27.4083369
          ],
          [
            -55.9815117,
            -27.4087195
          ],
          [
            -55.9811036,
            -27.4091765
          ],
          [
            -55.9807129,
            -27.4096037
          ],
          [
            -55.9803967,
            -27.4099516
          ],
          [
            -55.980099,
            -27.4102742
          ],
          [
            -55.9797542,
            -27.4106618
          ],
          [
            -55.9795838,
            -27.4105727
          ],
          [
            -55.9784132,
            -27.4100109
          ],
          [
            -55.9661727,
            -27.4012597
          ]
        ]
      },
      "id": "way/561659382"
    },
    {
      "type": "Feature",
      "properties": {
        "@id": "way/574824201",
        "highway": "service"
      },
      "geometry": {
        "type": "LineString",
        "coordinates": [
          [
            -67.499399,
            -29.1546049
          ],
          [
            -67.4998696,
            -29.1546267
          ],
          [
            -67.5001921,
            -29.1546417
          ],
          [
            -67.5002279,
            -29.1546303
          ],
          [
            -67.5011611,
            -29.153884
          ]
        ]
      },
      "id": "way/574824201"
    },
    {
      "type": "Feature",
      "properties": {
        "@id": "way/602697427",
        "highway": "footway",
        "oneway": "no"
      },
      "geometry": {
        "type": "LineString",
        "coordinates": [
          [
            -67.5036529,
            -29.1547585
          ],
          [
            -67.5016397,
            -29.1537057
          ]
        ]
      },
      "id": "way/602697427"
    },
    {
      "type": "Feature",
      "properties": {
        "@id": "way/656110825",
        "highway": "unclassified",
        "noname": "yes"
      },
      "geometry": {
        "type": "LineString",
        "coordinates": [
          [
            -66.8945465,
            -29.4374437
          ],
          [
            -66.8921381,
            -29.4376049
          ]
        ]
      },
      "id": "way/656110825"
    },
    {
      "type": "Feature",
      "properties": {
        "@id": "way/656110826",
        "highway": "unclassified",
        "noname": "yes"
      },
      "geometry": {
        "type": "LineString",
        "coordinates": [
          [
            -66.8947171,
            -29.4393333
          ],
          [
            -66.8937513,
            -29.439404
          ],
          [
            -66.8932672,
            -29.4394394
          ],
          [
            -66.8923612,
            -29.4395057
          ]
        ]
      },
      "id": "way/656110826"
    },
    {
      "type": "Feature",
      "properties": {
        "@id": "way/656110828",
        "highway": "unclassified",
        "noname": "yes"
      },
      "geometry": {
        "type": "LineString",
        "coordinates": [
          [
            -66.8948875,
            -29.4410435
          ],
          [
            -66.8948793,
            -29.4409604
          ],
          [
            -66.894871,
            -29.4408775
          ],
          [
            -66.8947171,
            -29.4393333
          ],
          [
            -66.8946578,
            -29.438738
          ],
          [
            -66.8945909,
            -29.4378708
          ],
          [
            -66.8945465,
            -29.4374437
          ],
          [
            -66.8945057,
            -29.43705
          ],
          [
            -66.8944468,
            -29.4364115
          ],
          [
            -66.8944623,
            -29.4363265
          ],
          [
            -66.894475,
            -29.4362963
          ],
          [
            -66.8944855,
            -29.4362712
          ],
          [
            -66.8945058,
            -29.4362133
          ]
        ]
      },
      "id": "way/656110828"
    },
    {
      "type": "Feature",
      "properties": {
        "@id": "way/669702524",
        "highway": "path"
      },
      "geometry": {
        "type": "LineString",
        "coordinates": [
          [
            -55.9684675,
            -27.4005412
          ],
          [
            -55.9683329,
            -27.4004172
          ],
          [
            -55.9682377,
            -27.4003374
          ],
          [
            -55.9681494,
            -27.4002646
          ]
        ]
      },
      "id": "way/669702524"
    },
    {
      "type": "Feature",
      "properties": {
        "@id": "way/680277451",
        "highway": "service"
      },
      "geometry": {
        "type": "LineString",
        "coordinates": [
          [
            -58.4539765,
            -34.6702409
          ],
          [
            -58.4540851,
            -34.6701368
          ],
          [
            -58.4541442,
            -34.6700793
          ],
          [
            -58.4542408,
            -34.6699834
          ],
          [
            -58.4543547,
            -34.6698704
          ]
        ]
      },
      "id": "way/680277451"
    },
    {
      "type": "Feature",
      "properties": {
        "@id": "way/680277452",
        "highway": "service",
        "oneway": "yes"
      },
      "geometry": {
        "type": "LineString",
        "coordinates": [
          [
            -58.4545398,
            -34.6706705
          ],
          [
            -58.454459,
            -34.6707186
          ],
          [
            -58.4543949,
            -34.6707218
          ],
          [
            -58.4538853,
            -34.6703181
          ]
        ]
      },
      "id": "way/680277452"
    },
    {
      "type": "Feature",
      "properties": {
        "@id": "way/682018137",
        "highway": "footway"
      },
      "geometry": {
        "type": "LineString",
        "coordinates": [
          [
            -55.874127,
            -27.3297297
          ],
          [
            -55.8737531,
            -27.329702
          ],
          [
            -55.8732363,
            -27.3296654
          ]
        ]
      },
      "id": "way/682018137"
    },
    {
      "type": "Feature",
      "properties": {
        "@id": "way/682018138",
        "highway": "footway"
      },
      "geometry": {
        "type": "LineString",
        "coordinates": [
          [
            -55.8732879,
            -27.3290696
          ],
          [
            -55.8732812,
            -27.3291632
          ],
          [
            -55.8733261,
            -27.329231
          ],
          [
            -55.8732924,
            -27.3295139
          ],
          [
            -55.8732453,
            -27.3295538
          ],
          [
            -55.8732251,
            -27.329769
          ],
          [
            -55.8732588,
            -27.3298387
          ],
          [
            -55.8732283,
            -27.3301921
          ],
          [
            -55.8732184,
            -27.330307
          ],
          [
            -55.8731376,
            -27.3303867
          ],
          [
            -55.8730834,
            -27.3303872
          ],
          [
            -55.8730604,
            -27.3303908
          ],
          [
            -55.8730455,
            -27.3303988
          ],
          [
            -55.8730355,
            -27.3304139
          ],
          [
            -55.8730305,
            -27.3304352
          ],
          [
            -55.8729848,
            -27.3309389
          ],
          [
            -55.8743667,
            -27.3310648
          ],
          [
            -55.8749198,
            -27.3311152
          ],
          [
            -55.8749617,
            -27.3311078
          ],
          [
            -55.8750008,
            -27.3310854
          ],
          [
            -55.8750176,
            -27.3310614
          ],
          [
            -55.8752884,
            -27.329126
          ],
          [
            -55.8755237,
            -27.3274538
          ],
          [
            -55.8755253,
            -27.3274319
          ],
          [
            -55.8755321,
            -27.3273371
          ],
          [
            -55.8755153,
            -27.327265
          ],
          [
            -55.8754734,
            -27.3272178
          ],
          [
            -55.8754091,
            -27.327193
          ],
          [
            -55.8752625,
            -27.3271655
          ],
          [
            -55.8748275,
            -27.3270837
          ],
          [
            -55.8747508,
            -27.3270537
          ],
          [
            -55.8746429,
            -27.3270116
          ],
          [
            -55.8744546,
            -27.3269951
          ],
          [
            -55.8734478,
            -27.326906
          ],
          [
            -55.8732805,
            -27.3268948
          ]
        ]
      },
      "id": "way/682018138"
    },
    {
      "type": "Feature",
      "properties": {
        "@id": "way/682018139",
        "highway": "footway"
      },
      "geometry": {
        "type": "LineString",
        "coordinates": [
          [
            -55.8737531,
            -27.329702
          ],
          [
            -55.8737387,
            -27.3296745
          ],
          [
            -55.8737309,
            -27.3296511
          ],
          [
            -55.8737309,
            -27.3296152
          ],
          [
            -55.8737465,
            -27.3295807
          ],
          [
            -55.8737682,
            -27.3295545
          ],
          [
            -55.8737837,
            -27.329531
          ],
          [
            -55.8737869,
            -27.3294951
          ],
          [
            -55.8736269,
            -27.3294868
          ],
          [
            -55.8735911,
            -27.3294896
          ],
          [
            -55.8735554,
            -27.3294993
          ],
          [
            -55.8735341,
            -27.3295083
          ],
          [
            -55.8735197,
            -27.3295144
          ],
          [
            -55.8734575,
            -27.3295407
          ]
        ]
      },
      "id": "way/682018139"
    },
    {
      "type": "Feature",
      "properties": {
        "@id": "way/682018140",
        "highway": "footway"
      },
      "geometry": {
        "type": "LineString",
        "coordinates": [
          [
            -55.8735341,
            -27.3295083
          ],
          [
            -55.8733747,
            -27.3292958
          ],
          [
            -55.8733261,
            -27.329231
          ]
        ]
      },
      "id": "way/682018140"
    },
    {
      "type": "Feature",
      "properties": {
        "@id": "way/682018141",
        "highway": "footway"
      },
      "geometry": {
        "type": "LineString",
        "coordinates": [
          [
            -55.8734575,
            -27.3295407
          ],
          [
            -55.8733643,
            -27.3295365
          ],
          [
            -55.8733747,
            -27.3292958
          ]
        ]
      },
      "id": "way/682018141"
    },
    {
      "type": "Feature",
      "properties": {
        "@id": "way/682018142",
        "highway": "footway"
      },
      "geometry": {
        "type": "LineString",
        "coordinates": [
          [
            -55.8733747,
            -27.3292958
          ],
          [
            -55.8733799,
            -27.329215
          ],
          [
            -55.8733954,
            -27.3291846
          ],
          [
            -55.8734249,
            -27.3291612
          ],
          [
            -55.8734606,
            -27.3291487
          ],
          [
            -55.8737527,
            -27.3291667
          ],
          [
            -55.8737744,
            -27.3291736
          ],
          [
            -55.873807,
            -27.3291998
          ],
          [
            -55.8738241,
            -27.329226
          ],
          [
            -55.8738412,
            -27.3292564
          ],
          [
            -55.8738536,
            -27.329295
          ],
          [
            -55.8738847,
            -27.3293406
          ],
          [
            -55.8739173,
            -27.3293751
          ],
          [
            -55.8739608,
            -27.3294082
          ],
          [
            -55.8739966,
            -27.3294206
          ],
          [
            -55.8740261,
            -27.3294427
          ],
          [
            -55.8740603,
            -27.3294841
          ],
          [
            -55.8740913,
            -27.3295379
          ],
          [
            -55.8741348,
            -27.3296138
          ]
        ]
      },
      "id": "way/682018142"
    },
    {
      "type": "Feature",
      "properties": {
        "@id": "way/682018143",
        "highway": "footway"
      },
      "geometry": {
        "type": "LineString",
        "coordinates": [
          [
            -55.8733261,
            -27.329231
          ],
          [
            -55.8733426,
            -27.329197
          ],
          [
            -55.8733737,
            -27.3291501
          ],
          [
            -55.8734156,
            -27.3291211
          ],
          [
            -55.87347,
            -27.3291087
          ],
          [
            -55.8740401,
            -27.3291556
          ],
          [
            -55.8740727,
            -27.3291681
          ],
          [
            -55.8741053,
            -27.3291957
          ],
          [
            -55.8741302,
            -27.3292219
          ],
          [
            -55.8741472,
            -27.3292536
          ],
          [
            -55.8741566,
            -27.3292909
          ],
          [
            -55.8741566,
            -27.3293378
          ],
          [
            -55.8741348,
            -27.3296138
          ],
          [
            -55.874127,
            -27.3297297
          ],
          [
            -55.87411,
            -27.3300181
          ],
          [
            -55.8741053,
            -27.3300499
          ],
          [
            -55.8740867,
            -27.3300844
          ],
          [
            -55.8740509,
            -27.3301244
          ],
          [
            -55.8739309,
            -27.3302134
          ],
          [
            -55.8737775,
            -27.3303273
          ],
          [
            -55.8737403,
            -27.3303466
          ],
          [
            -55.8736735,
            -27.33037
          ],
          [
            -55.8736144,
            -27.3303783
          ],
          [
            -55.873515,
            -27.3303769
          ],
          [
            -55.8734016,
            -27.330359
          ],
          [
            -55.8733519,
            -27.330348
          ],
          [
            -55.8733022,
            -27.3303121
          ],
          [
            -55.8732665,
            -27.3302665
          ],
          [
            -55.8732283,
            -27.3301921
          ]
        ]
      },
      "id": "way/682018143"
    },
    {
      "type": "Feature",
      "properties": {
        "@id": "way/682018146",
        "highway": "footway"
      },
      "geometry": {
        "type": "LineString",
        "coordinates": [
          [
            -55.8739309,
            -27.3302134
          ],
          [
            -55.8738618,
            -27.3301058
          ],
          [
            -55.8738069,
            -27.3300204
          ],
          [
            -55.873785,
            -27.3299862
          ],
          [
            -55.8736635,
            -27.3298031
          ]
        ]
      },
      "id": "way/682018146"
    },
    {
      "type": "Feature",
      "properties": {
        "@id": "way/682018147",
        "highway": "footway"
      },
      "geometry": {
        "type": "LineString",
        "coordinates": [
          [
            -55.8737531,
            -27.329702
          ],
          [
            -55.8736766,
            -27.3297835
          ],
          [
            -55.8736635,
            -27.3298031
          ],
          [
            -55.8736362,
            -27.3298443
          ],
          [
            -55.873616,
            -27.3298801
          ],
          [
            -55.8735896,
            -27.3298995
          ],
          [
            -55.8735585,
            -27.3299119
          ],
          [
            -55.8733938,
            -27.3299809
          ],
          [
            -55.8733783,
            -27.3299947
          ],
          [
            -55.8733705,
            -27.3300099
          ],
          [
            -55.8733705,
            -27.3300278
          ],
          [
            -55.8733799,
            -27.3300471
          ],
          [
            -55.8733985,
            -27.3300664
          ],
          [
            -55.8734327,
            -27.3300733
          ],
          [
            -55.8736206,
            -27.3300375
          ],
          [
            -55.8736983,
            -27.3300292
          ],
          [
            -55.8738069,
            -27.3300204
          ]
        ]
      },
      "id": "way/682018147"
    },
    {
      "type": "Feature",
      "properties": {
        "@id": "way/682018149",
        "highway": "footway"
      },
      "geometry": {
        "type": "LineString",
        "coordinates": [
          [
            -55.873785,
            -27.3299862
          ],
          [
            -55.8738153,
            -27.3299796
          ],
          [
            -55.8738412,
            -27.3299712
          ],
          [
            -55.8738662,
            -27.3299566
          ],
          [
            -55.8738847,
            -27.3299381
          ],
          [
            -55.873896,
            -27.3299156
          ],
          [
            -55.8738987,
            -27.3298912
          ],
          [
            -55.8738832,
            -27.3298484
          ],
          [
            -55.8738599,
            -27.329818
          ],
          [
            -55.8738288,
            -27.3297987
          ],
          [
            -55.8737946,
            -27.3297891
          ],
          [
            -55.8737496,
            -27.3297891
          ],
          [
            -55.873708,
            -27.3297944
          ],
          [
            -55.8736635,
            -27.3298031
          ]
        ]
      },
      "id": "way/682018149"
    },
    {
      "type": "Feature",
      "properties": {
        "@id": "way/682018151",
        "highway": "footway"
      },
      "geometry": {
        "type": "LineString",
        "coordinates": [
          [
            -55.8738618,
            -27.3301058
          ],
          [
            -55.8735011,
            -27.3302085
          ],
          [
            -55.873486,
            -27.3302171
          ],
          [
            -55.8734742,
            -27.3302305
          ],
          [
            -55.8734731,
            -27.3302754
          ]
        ]
      },
      "id": "way/682018151"
    },
    {
      "type": "Feature",
      "properties": {
        "@id": "way/685127773",
        "highway": "path",
        "oneway": "no"
      },
      "geometry": {
        "type": "LineString",
        "coordinates": [
          [
            -62.3117048,
            -38.6937867
          ],
          [
            -62.3117359,
            -38.6937631
          ],
          [
            -62.3120272,
            -38.6935423
          ],
          [
            -62.3132168,
            -38.6926345
          ],
          [
            -62.3133472,
            -38.6925414
          ]
        ]
      },
      "id": "way/685127773"
    },
    {
      "type": "Feature",
      "properties": {
        "@id": "way/688645218",
        "footway": "sidewalk",
        "highway": "footway",
        "name": "Anfiteatro"
      },
      "geometry": {
        "type": "LineString",
        "coordinates": [
          [
            -61.0974538,
            -31.732857
          ],
          [
            -61.0977657,
            -31.7327971
          ],
          [
            -61.0977952,
            -31.7327583
          ],
          [
            -61.097814,
            -31.7327241
          ],
          [
            -61.0978354,
            -31.7326876
          ],
          [
            -61.0978596,
            -31.7326648
          ],
          [
            -61.097881,
            -31.7326328
          ],
          [
            -61.0979105,
            -31.7326054
          ],
          [
            -61.0979534,
            -31.7325735
          ],
          [
            -61.0979964,
            -31.732553
          ],
          [
            -61.098058,
            -31.732537
          ],
          [
            -61.0981251,
            -31.7325279
          ],
          [
            -61.0982404,
            -31.7325279
          ],
          [
            -61.0982807,
            -31.7325416
          ],
          [
            -61.0983075,
            -31.732553
          ],
          [
            -61.0983558,
            -31.7325689
          ],
          [
            -61.0983772,
            -31.7325895
          ],
          [
            -61.0984014,
            -31.7326077
          ],
          [
            -61.0984309,
            -31.7326328
          ],
          [
            -61.098447,
            -31.7326556
          ],
          [
            -61.0984604,
            -31.7326898
          ],
          [
            -61.0984631,
            -31.7327149
          ],
          [
            -61.0984657,
            -31.7327628
          ],
          [
            -61.0984577,
            -31.7328153
          ],
          [
            -61.0984496,
            -31.7328313
          ],
          [
            -61.0984228,
            -31.7328678
          ],
          [
            -61.0984121,
            -31.732886
          ],
          [
            -61.0983772,
            -31.7329203
          ],
          [
            -61.0983477,
            -31.7329476
          ],
          [
            -61.0983182,
            -31.7329613
          ],
          [
            -61.0982512,
            -31.7329796
          ],
          [
            -61.0981975,
            -31.7329841
          ],
          [
            -61.0981439,
            -31.732991
          ],
          [
            -61.098058,
            -31.7329864
          ],
          [
            -61.0979883,
            -31.7329682
          ],
          [
            -61.0979561,
            -31.732959
          ],
          [
            -61.0979159,
            -31.7329339
          ],
          [
            -61.0978757,
            -31.7329134
          ],
          [
            -61.0978462,
            -31.7328997
          ],
          [
            -61.0978062,
            -31.7328823
          ],
          [
            -61.0977818,
            -31.7328518
          ],
          [
            -61.0974683,
            -31.7329143
          ]
        ]
      },
      "id": "way/688645218"
    },
    {
      "type": "Feature",
      "properties": {
        "@id": "way/700180823",
        "highway": "residential"
      },
      "geometry": {
        "type": "LineString",
        "coordinates": [
          [
            -55.8742963,
            -27.3287868
          ],
          [
            -55.8741233,
            -27.3307479
          ]
        ]
      },
      "id": "way/700180823"
    },
    {
      "type": "Feature",
      "properties": {
        "@id": "way/706342758",
        "highway": "raceway",
        "sport": "motor"
      },
      "geometry": {
        "type": "LineString",
        "coordinates": [
          [
            -55.9727195,
            -27.4050397
          ],
          [
            -55.9727098,
            -27.4050117
          ],
          [
            -55.972692,
            -27.4049535
          ],
          [
            -55.9726765,
            -27.4049022
          ],
          [
            -55.9726632,
            -27.4048658
          ],
          [
            -55.9726287,
            -27.404845
          ],
          [
            -55.9725788,
            -27.4048549
          ],
          [
            -55.9724521,
            -27.4048825
          ],
          [
            -55.972411,
            -27.4049151
          ],
          [
            -55.9724155,
            -27.4049545
          ],
          [
            -55.9722533,
            -27.405131
          ],
          [
            -55.97223,
            -27.4051586
          ],
          [
            -55.9722033,
            -27.4051763
          ],
          [
            -55.97217,
            -27.4051773
          ],
          [
            -55.9721567,
            -27.4051586
          ],
          [
            -55.97216,
            -27.4051123
          ],
          [
            -55.9722122,
            -27.4050856
          ],
          [
            -55.9723366,
            -27.4049801
          ],
          [
            -55.9723655,
            -27.4049505
          ],
          [
            -55.9723566,
            -27.4049239
          ],
          [
            -55.9723189,
            -27.4049279
          ],
          [
            -55.9722811,
            -27.4049397
          ],
          [
            -55.9722622,
            -27.4049476
          ],
          [
            -55.9722667,
            -27.4049713
          ],
          [
            -55.9722633,
            -27.4049841
          ],
          [
            -55.97225,
            -27.4050008
          ],
          [
            -55.97223,
            -27.4049989
          ],
          [
            -55.97221,
            -27.4049811
          ],
          [
            -55.9721989,
            -27.4049604
          ],
          [
            -55.97218,
            -27.4049565
          ],
          [
            -55.9721523,
            -27.4049663
          ],
          [
            -55.9721467,
            -27.40499
          ],
          [
            -55.9721545,
            -27.4050117
          ],
          [
            -55.9721634,
            -27.4050275
          ],
          [
            -55.9721634,
            -27.4050472
          ],
          [
            -55.9721345,
            -27.40506
          ],
          [
            -55.9721134,
            -27.4050511
          ],
          [
            -55.9721012,
            -27.4050225
          ],
          [
            -55.9720945,
            -27.4049969
          ],
          [
            -55.9720701,
            -27.4049851
          ],
          [
            -55.9720423,
            -27.404991
          ],
          [
            -55.9720279,
            -27.4050166
          ],
          [
            -55.9720667,
            -27.4051073
          ],
          [
            -55.9721156,
            -27.4052158
          ],
          [
            -55.9721269,
            -27.4052418
          ],
          [
            -55.97216,
            -27.4052493
          ],
          [
            -55.9725832,
            -27.4051478
          ],
          [
            -55.9726132,
            -27.4051409
          ],
          [
            -55.972631,
            -27.405129
          ],
          [
            -55.9726265,
            -27.4051044
          ],
          [
            -55.9726032,
            -27.4050008
          ],
          [
            -55.9725799,
            -27.4049831
          ],
          [
            -55.9725443,
            -27.4049831
          ],
          [
            -55.9725277,
            -27.4049989
          ],
          [
            -55.9725221,
            -27.4050166
          ],
          [
            -55.9725288,
            -27.4050482
          ],
          [
            -55.9725388,
            -27.4050708
          ],
          [
            -55.9725354,
            -27.4050906
          ],
          [
            -55.9725243,
            -27.4051054
          ],
          [
            -55.9725056,
            -27.4051099
          ],
          [
            -55.9724956,
            -27.4051031
          ],
          [
            -55.9724818,
            -27.4050778
          ],
          [
            -55.9724725,
            -27.4050628
          ],
          [
            -55.9724579,
            -27.4050621
          ],
          [
            -55.9724364,
            -27.4050676
          ],
          [
            -55.972431,
            -27.4050771
          ],
          [
            -55.9724364,
            -27.4050962
          ],
          [
            -55.972441,
            -27.4051106
          ],
          [
            -55.972431,
            -27.4051249
          ],
          [
            -55.9724087,
            -27.4051399
          ],
          [
            -55.9723518,
            -27.4051522
          ],
          [
            -55.9723356,
            -27.4051454
          ],
          [
            -55.9723426,
            -27.4051072
          ],
          [
            -55.9724656,
            -27.4049713
          ],
          [
            -55.9725072,
            -27.4049323
          ],
          [
            -55.9725395,
            -27.4049146
          ],
          [
            -55.9725779,
            -27.4049078
          ],
          [
            -55.9726118,
            -27.4049153
          ],
          [
            -55.9726272,
            -27.4049351
          ],
          [
            -55.9726487,
            -27.4050157
          ],
          [
            -55.9726595,
            -27.4050614
          ],
          [
            -55.9726718,
            -27.4050894
          ],
          [
            -55.9726948,
            -27.4051031
          ],
          [
            -55.9727187,
            -27.4050894
          ],
          [
            -55.9727287,
            -27.4050696
          ],
          [
            -55.9727195,
            -27.4050397
          ]
        ]
      },
      "id": "way/706342758"
    },
    {
      "type": "Feature",
      "properties": {
        "@id": "way/724118564",
        "footway": "sidewalk",
        "highway": "footway"
      },
      "geometry": {
        "type": "LineString",
        "coordinates": [
          [
            -67.5031478,
            -29.1552642
          ],
          [
            -67.503127,
            -29.1552919
          ],
          [
            -67.5031068,
            -29.1552992
          ],
          [
            -67.5030624,
            -29.1553152
          ],
          [
            -67.5013366,
            -29.1559375
          ],
          [
            -67.5013009,
            -29.1559505
          ],
          [
            -67.5004877,
            -29.156247
          ],
          [
            -67.5003062,
            -29.1563132
          ],
          [
            -67.4995579,
            -29.154738
          ]
        ]
      },
      "id": "way/724118564"
    },
    {
      "type": "Feature",
      "properties": {
        "@id": "way/724118565",
        "footway": "sidewalk",
        "highway": "footway"
      },
      "geometry": {
        "type": "LineString",
        "coordinates": [
          [
            -67.4995579,
            -29.154738
          ],
          [
            -67.4998648,
            -29.1547617
          ],
          [
            -67.5002163,
            -29.1547895
          ],
          [
            -67.5008377,
            -29.1548382
          ],
          [
            -67.5021867,
            -29.1549438
          ],
          [
            -67.5028716,
            -29.1549974
          ],
          [
            -67.501439,
            -29.1554901
          ],
          [
            -67.5013584,
            -29.1555178
          ]
        ]
      },
      "id": "way/724118565"
    },
    {
      "type": "Feature",
      "properties": {
        "@id": "way/724118566",
        "footway": "sidewalk",
        "highway": "steps"
      },
      "geometry": {
        "type": "LineString",
        "coordinates": [
          [
            -67.5031478,
            -29.1552642
          ],
          [
            -67.5031791,
            -29.1552148
          ]
        ]
      },
      "id": "way/724118566"
    },
    {
      "type": "Feature",
      "properties": {
        "@id": "way/724118567",
        "footway": "sidewalk",
        "highway": "footway"
      },
      "geometry": {
        "type": "LineString",
        "coordinates": [
          [
            -67.5031791,
            -29.1552148
          ],
          [
            -67.5032529,
            -29.1550449
          ],
          [
            -67.5033695,
            -29.1547764
          ],
          [
            -67.5026727,
            -29.1544024
          ],
          [
            -67.5021933,
            -29.154145
          ],
          [
            -67.501698,
            -29.1538791
          ],
          [
            -67.5014909,
            -29.1537679
          ]
        ]
      },
      "id": "way/724118567"
    },
    {
      "type": "Feature",
      "properties": {
        "@id": "way/724118568",
        "footway": "sidewalk",
        "highway": "footway"
      },
      "geometry": {
        "type": "LineString",
        "coordinates": [
          [
            -67.503127,
            -29.1552919
          ],
          [
            -67.5032314,
            -29.1553098
          ],
          [
            -67.5032697,
            -29.1552979
          ],
          [
            -67.50329,
            -29.1552788
          ],
          [
            -67.5033026,
            -29.1552221
          ]
        ]
      },
      "id": "way/724118568"
    },
    {
      "type": "Feature",
      "properties": {
        "@id": "way/724118569",
        "footway": "sidewalk",
        "highway": "footway"
      },
      "geometry": {
        "type": "LineString",
        "coordinates": [
          [
            -67.5033026,
            -29.1552221
          ],
          [
            -67.5032942,
            -29.1551692
          ],
          [
            -67.5032733,
            -29.1550869
          ],
          [
            -67.5032529,
            -29.1550449
          ]
        ]
      },
      "id": "way/724118569"
    },
    {
      "type": "Feature",
      "properties": {
        "@id": "way/724118570",
        "footway": "sidewalk",
        "highway": "footway"
      },
      "geometry": {
        "type": "LineString",
        "coordinates": [
          [
            -67.5013941,
            -29.1538143
          ],
          [
            -67.501255,
            -29.1539465
          ],
          [
            -67.5008989,
            -29.1542539
          ],
          [
            -67.500378,
            -29.1546649
          ],
          [
            -67.5002163,
            -29.1547895
          ]
        ]
      },
      "id": "way/724118570"
    },
    {
      "type": "Feature",
      "properties": {
        "@id": "way/724118571",
        "footway": "sidewalk",
        "highway": "steps"
      },
      "geometry": {
        "type": "LineString",
        "coordinates": [
          [
            -67.5014909,
            -29.1537679
          ],
          [
            -67.5013941,
            -29.1538143
          ]
        ]
      },
      "id": "way/724118571"
    },
    {
      "type": "Feature",
      "properties": {
        "@id": "way/724118572",
        "highway": "footway"
      },
      "geometry": {
        "type": "LineString",
        "coordinates": [
          [
            -67.501698,
            -29.1538791
          ],
          [
            -67.5016478,
            -29.1539058
          ],
          [
            -67.5015746,
            -29.1539022
          ],
          [
            -67.5015056,
            -29.1538894
          ],
          [
            -67.5014533,
            -29.1538802
          ],
          [
            -67.5013989,
            -29.1539003
          ],
          [
            -67.5013528,
            -29.1539497
          ],
          [
            -67.501255,
            -29.1539465
          ]
        ]
      },
      "id": "way/724118572"
    },
    {
      "type": "Feature",
      "properties": {
        "@id": "way/724118573",
        "highway": "footway"
      },
      "geometry": {
        "type": "LineString",
        "coordinates": [
          [
            -67.5013366,
            -29.1559375
          ],
          [
            -67.5012704,
            -29.1557917
          ],
          [
            -67.5011537,
            -29.1555345
          ],
          [
            -67.5008377,
            -29.1548382
          ]
        ]
      },
      "id": "way/724118573"
    },
    {
      "type": "Feature",
      "properties": {
        "@id": "way/724118574",
        "bridge": "yes",
        "footway": "sidewalk",
        "highway": "footway",
        "layer": 1
      },
      "geometry": {
        "type": "LineString",
        "coordinates": [
          [
            -67.5013584,
            -29.1555178
          ],
          [
            -67.5009525,
            -29.1556574
          ]
        ]
      },
      "id": "way/724118574"
    },
    {
      "type": "Feature",
      "properties": {
        "@id": "way/724118575",
        "highway": "footway"
      },
      "geometry": {
        "type": "LineString",
        "coordinates": [
          [
            -67.5021867,
            -29.1549438
          ],
          [
            -67.5021909,
            -29.1548115
          ]
        ]
      },
      "id": "way/724118575"
    },
    {
      "type": "Feature",
      "properties": {
        "@id": "way/724118576",
        "highway": "steps"
      },
      "geometry": {
        "type": "LineString",
        "coordinates": [
          [
            -67.5021909,
            -29.1548115
          ],
          [
            -67.502193,
            -29.1547713
          ]
        ]
      },
      "id": "way/724118576"
    },
    {
      "type": "Feature",
      "properties": {
        "@id": "way/724118577",
        "highway": "footway"
      },
      "geometry": {
        "type": "LineString",
        "coordinates": [
          [
            -67.502193,
            -29.1547713
          ],
          [
            -67.502193,
            -29.1547184
          ]
        ]
      },
      "id": "way/724118577"
    },
    {
      "type": "Feature",
      "properties": {
        "@id": "way/724118578",
        "highway": "steps"
      },
      "geometry": {
        "type": "LineString",
        "coordinates": [
          [
            -67.502193,
            -29.1547184
          ],
          [
            -67.5021909,
            -29.1546818
          ]
        ]
      },
      "id": "way/724118578"
    },
    {
      "type": "Feature",
      "properties": {
        "@id": "way/724118579",
        "highway": "footway"
      },
      "geometry": {
        "type": "LineString",
        "coordinates": [
          [
            -67.5021909,
            -29.1546818
          ],
          [
            -67.5021847,
            -29.1545777
          ]
        ]
      },
      "id": "way/724118579"
    },
    {
      "type": "Feature",
      "properties": {
        "@id": "way/724118580",
        "highway": "steps"
      },
      "geometry": {
        "type": "LineString",
        "coordinates": [
          [
            -67.5021847,
            -29.1545777
          ],
          [
            -67.5021847,
            -29.1545448
          ]
        ]
      },
      "id": "way/724118580"
    },
    {
      "type": "Feature",
      "properties": {
        "@id": "way/724118581",
        "highway": "footway"
      },
      "geometry": {
        "type": "LineString",
        "coordinates": [
          [
            -67.5021847,
            -29.1545448
          ],
          [
            -67.5021847,
            -29.1544425
          ]
        ]
      },
      "id": "way/724118581"
    },
    {
      "type": "Feature",
      "properties": {
        "@id": "way/724118582",
        "highway": "steps"
      },
      "geometry": {
        "type": "LineString",
        "coordinates": [
          [
            -67.5021847,
            -29.1544425
          ],
          [
            -67.5021847,
            -29.1544114
          ]
        ]
      },
      "id": "way/724118582"
    },
    {
      "type": "Feature",
      "properties": {
        "@id": "way/724118583",
        "highway": "footway"
      },
      "geometry": {
        "type": "LineString",
        "coordinates": [
          [
            -67.5021847,
            -29.1544114
          ],
          [
            -67.5021881,
            -29.1543047
          ],
          [
            -67.5021933,
            -29.154145
          ]
        ]
      },
      "id": "way/724118583"
    },
    {
      "type": "Feature",
      "properties": {
        "@id": "way/724118584",
        "highway": "footway"
      },
      "geometry": {
        "type": "LineString",
        "coordinates": [
          [
            -67.501439,
            -29.1554901
          ],
          [
            -67.5012416,
            -29.1555208
          ],
          [
            -67.5011537,
            -29.1555345
          ]
        ]
      },
      "id": "way/724118584"
    },
    {
      "type": "Feature",
      "properties": {
        "@id": "way/724118587",
        "highway": "footway"
      },
      "geometry": {
        "type": "LineString",
        "coordinates": [
          [
            -67.5002117,
            -29.1556243
          ],
          [
            -67.5000067,
            -29.1552808
          ],
          [
            -67.4998979,
            -29.1550945
          ],
          [
            -67.4998435,
            -29.155005
          ],
          [
            -67.499833,
            -29.1549319
          ],
          [
            -67.4998519,
            -29.1548332
          ],
          [
            -67.4998648,
            -29.1547617
          ]
        ]
      },
      "id": "way/724118587"
    },
    {
      "type": "Feature",
      "properties": {
        "@id": "way/724118588",
        "highway": "footway"
      },
      "geometry": {
        "type": "LineString",
        "coordinates": [
          [
            -67.5030624,
            -29.1553152
          ],
          [
            -67.502849,
            -29.155311
          ],
          [
            -67.5026429,
            -29.1553317
          ],
          [
            -67.5024747,
            -29.1553627
          ],
          [
            -67.5023468,
            -29.1554413
          ],
          [
            -67.5022071,
            -29.1555323
          ],
          [
            -67.5020815,
            -29.1556151
          ],
          [
            -67.5019891,
            -29.1556689
          ],
          [
            -67.5018162,
            -29.1556999
          ],
          [
            -67.5015296,
            -29.155733
          ],
          [
            -67.5013804,
            -29.1557351
          ],
          [
            -67.5012704,
            -29.1557917
          ],
          [
            -67.5011032,
            -29.1559026
          ],
          [
            -67.5009279,
            -29.1560123
          ],
          [
            -67.5008166,
            -29.1560722
          ],
          [
            -67.5006413,
            -29.1561322
          ],
          [
            -67.500466,
            -29.1561984
          ],
          [
            -67.5004877,
            -29.156247
          ]
        ]
      },
      "id": "way/724118588"
    },
    {
      "type": "Feature",
      "properties": {
        "@id": "way/724118589",
        "highway": "footway"
      },
      "geometry": {
        "type": "LineString",
        "coordinates": [
          [
            -67.5013804,
            -29.1557351
          ],
          [
            -67.501314,
            -29.1556585
          ],
          [
            -67.5012714,
            -29.155584
          ],
          [
            -67.5012416,
            -29.1555208
          ],
          [
            -67.501089,
            -29.15522
          ]
        ]
      },
      "id": "way/724118589"
    },
    {
      "type": "Feature",
      "properties": {
        "@id": "way/724409507",
        "highway": "footway",
        "incline": "down"
      },
      "geometry": {
        "type": "LineString",
        "coordinates": [
          [
            -67.4995579,
            -29.154738
          ],
          [
            -67.4995718,
            -29.1546595
          ],
          [
            -67.4993409,
            -29.154633
          ]
        ]
      },
      "id": "way/724409507"
    },
    {
      "type": "Feature",
      "properties": {
        "@id": "way/724409508",
        "highway": "footway"
      },
      "geometry": {
        "type": "LineString",
        "coordinates": [
          [
            -67.500298,
            -29.1564348
          ],
          [
            -67.5002531,
            -29.1563414
          ],
          [
            -67.5003062,
            -29.1563132
          ]
        ]
      },
      "id": "way/724409508"
    },
    {
      "type": "Feature",
      "properties": {
        "@id": "way/730691291",
        "highway": "service",
        "oneway": "yes",
        "surface": "asphalt"
      },
      "geometry": {
        "type": "LineString",
        "coordinates": [
          [
            -55.9664656,
            -27.3993391
          ],
          [
            -55.9663957,
            -27.3992572
          ]
        ]
      },
      "id": "way/730691291"
    },
    {
      "type": "Feature",
      "properties": {
        "@id": "way/730691292",
        "highway": "service",
        "oneway": "no",
        "surface": "asphalt"
      },
      "geometry": {
        "type": "LineString",
        "coordinates": [
          [
            -55.9664656,
            -27.3993391
          ],
          [
            -55.9666795,
            -27.3999064
          ],
          [
            -55.9668201,
            -27.4000187
          ],
          [
            -55.9671233,
            -27.4002608
          ],
          [
            -55.9674998,
            -27.4005615
          ],
          [
            -55.9677722,
            -27.4005465
          ],
          [
            -55.9684675,
            -27.4005412
          ],
          [
            -55.9686495,
            -27.4005374
          ]
        ]
      },
      "id": "way/730691292"
    },
    {
      "type": "Feature",
      "properties": {
        "@id": "way/730691293",
        "highway": "service",
        "oneway": "yes",
        "surface": "asphalt"
      },
      "geometry": {
        "type": "LineString",
        "coordinates": [
          [
            -55.9663519,
            -27.3991776
          ],
          [
            -55.9662341,
            -27.3989069
          ]
        ]
      },
      "id": "way/730691293"
    },
    {
      "type": "Feature",
      "properties": {
        "@id": "way/730691294",
        "covered": "yes",
        "highway": "service",
        "oneway": "yes",
        "surface": "asphalt"
      },
      "geometry": {
        "type": "LineString",
        "coordinates": [
          [
            -55.9664209,
            -27.3991546
          ],
          [
            -55.9664338,
            -27.3991952
          ]
        ]
      },
      "id": "way/730691294"
    },
    {
      "type": "Feature",
      "properties": {
        "@id": "way/730691295",
        "highway": "service",
        "oneway": "yes",
        "surface": "asphalt"
      },
      "geometry": {
        "type": "LineString",
        "coordinates": [
          [
            -55.9664493,
            -27.3992391
          ],
          [
            -55.9664656,
            -27.3993391
          ]
        ]
      },
      "id": "way/730691295"
    },
    {
      "type": "Feature",
      "properties": {
        "@id": "way/730691296",
        "covered": "yes",
        "highway": "service",
        "oneway": "yes",
        "surface": "asphalt"
      },
      "geometry": {
        "type": "LineString",
        "coordinates": [
          [
            -55.9663957,
            -27.3992572
          ],
          [
            -55.96637,
            -27.3992166
          ],
          [
            -55.9663519,
            -27.3991776
          ]
        ]
      },
      "id": "way/730691296"
    },
    {
      "type": "Feature",
      "properties": {
        "@id": "way/795424955",
        "highway": "footway"
      },
      "geometry": {
        "type": "LineString",
        "coordinates": [
          [
            -58.4549651,
            -34.669549
          ],
          [
            -58.4548996,
            -34.6695705
          ],
          [
            -58.4548131,
            -34.6694887
          ],
          [
            -58.4547486,
            -34.6695046
          ],
          [
            -58.4547101,
            -34.6695173
          ],
          [
            -58.4546434,
            -34.6695416
          ],
          [
            -58.4545807,
            -34.6695725
          ],
          [
            -58.4544839,
            -34.6696052
          ],
          [
            -58.4543505,
            -34.669646
          ],
          [
            -58.454242,
            -34.6696964
          ],
          [
            -58.4541093,
            -34.6697784
          ],
          [
            -58.4540129,
            -34.6698266
          ],
          [
            -58.4539231,
            -34.6698589
          ],
          [
            -58.4538364,
            -34.6698858
          ],
          [
            -58.4537619,
            -34.6699084
          ],
          [
            -58.4536567,
            -34.6699404
          ],
          [
            -58.4535453,
            -34.6699746
          ],
          [
            -58.4534881,
            -34.6699855
          ],
          [
            -58.4532871,
            -34.6700132
          ]
        ]
      },
      "id": "way/795424955"
    },
    {
      "type": "Feature",
      "properties": {
        "@id": "way/797096471",
        "highway": "footway"
      },
      "geometry": {
        "type": "LineString",
        "coordinates": [
          [
            -66.8950218,
            -29.4436024
          ],
          [
            -66.895308,
            -29.4438132
          ]
        ]
      },
      "id": "way/797096471"
    },
    {
      "type": "Feature",
      "properties": {
        "@id": "way/797096472",
        "highway": "footway"
      },
      "geometry": {
        "type": "LineString",
        "coordinates": [
          [
            -66.89571,
            -29.4434228
          ],
          [
            -66.8953551,
            -29.4433359
          ],
          [
            -66.895172,
            -29.4430151
          ],
          [
            -66.8951507,
            -29.4429836
          ],
          [
            -66.8951188,
            -29.4429799
          ],
          [
            -66.8950485,
            -29.4429966
          ],
          [
            -66.8946456,
            -29.4431432
          ],
          [
            -66.8945917,
            -29.4431358
          ],
          [
            -66.8945251,
            -29.443089
          ],
          [
            -66.8944608,
            -29.4429947
          ],
          [
            -66.8944374,
            -29.442902
          ],
          [
            -66.8944587,
            -29.442737
          ],
          [
            -66.8944757,
            -29.4426851
          ],
          [
            -66.8945268,
            -29.4426053
          ],
          [
            -66.894612,
            -29.4425349
          ],
          [
            -66.8947057,
            -29.4424885
          ],
          [
            -66.8948228,
            -29.4424459
          ],
          [
            -66.8950464,
            -29.4422697
          ],
          [
            -66.8955872,
            -29.4417487
          ],
          [
            -66.895732,
            -29.4416152
          ],
          [
            -66.8959577,
            -29.4415243
          ],
          [
            -66.8961152,
            -29.4414817
          ],
          [
            -66.8962941,
            -29.4414446
          ],
          [
            -66.8965985,
            -29.441224
          ],
          [
            -66.8966773,
            -29.4411924
          ],
          [
            -66.8967838,
            -29.4411961
          ],
          [
            -66.8970229,
            -29.4412194
          ],
          [
            -66.897463,
            -29.4410441
          ],
          [
            -66.897612,
            -29.4409977
          ],
          [
            -66.8979868,
            -29.440944
          ],
          [
            -66.8980879,
            -29.4410123
          ],
          [
            -66.898334,
            -29.4411987
          ]
        ]
      },
      "id": "way/797096472"
    },
    {
      "type": "Feature",
      "properties": {
        "@id": "way/797096473",
        "highway": "footway"
      },
      "geometry": {
        "type": "LineString",
        "coordinates": [
          [
            -66.895308,
            -29.4438132
          ],
          [
            -66.8955296,
            -29.4440001
          ]
        ]
      },
      "id": "way/797096473"
    },
    {
      "type": "Feature",
      "properties": {
        "@id": "way/797096474",
        "highway": "footway"
      },
      "geometry": {
        "type": "LineString",
        "coordinates": [
          [
            -66.8953551,
            -29.4433359
          ],
          [
            -66.8951166,
            -29.4435454
          ],
          [
            -66.8950218,
            -29.4436024
          ],
          [
            -66.8946354,
            -29.4438347
          ],
          [
            -66.8945652,
            -29.4438792
          ],
          [
            -66.8945141,
            -29.4439404
          ],
          [
            -66.8944834,
            -29.4441475
          ],
          [
            -66.8945022,
            -29.4442437
          ],
          [
            -66.8946482,
            -29.4444948
          ]
        ]
      },
      "id": "way/797096474"
    },
    {
      "type": "Feature",
      "properties": {
        "@id": "way/797096475",
        "highway": "footway"
      },
      "geometry": {
        "type": "LineString",
        "coordinates": [
          [
            -66.8925472,
            -29.4415956
          ],
          [
            -66.8925366,
            -29.4414764
          ],
          [
            -66.8924701,
            -29.4407289
          ],
          [
            -66.8923704,
            -29.4396092
          ],
          [
            -66.8923612,
            -29.4395057
          ],
          [
            -66.8921381,
            -29.4376049
          ],
          [
            -66.891962,
            -29.4358835
          ],
          [
            -66.8919781,
            -29.4358344
          ],
          [
            -66.8920022,
            -29.4358064
          ]
        ]
      },
      "id": "way/797096475"
    },
    {
      "type": "Feature",
      "properties": {
        "@id": "way/797096476",
        "bridge": "yes",
        "highway": "footway",
        "layer": 1
      },
      "geometry": {
        "type": "LineString",
        "coordinates": [
          [
            -66.8933102,
            -29.4444445
          ],
          [
            -66.8931737,
            -29.4444419
          ]
        ]
      },
      "id": "way/797096476"
    },
    {
      "type": "Feature",
      "properties": {
        "@id": "way/849604864",
        "waterway": "stream"
      },
      "geometry": {
        "type": "LineString",
        "coordinates": [
          [
            -55.0537614,
            -26.9308867
          ],
          [
            -55.0539788,
            -26.9306035
          ],
          [
            -55.0540164,
            -26.9304097
          ],
          [
            -55.0540308,
            -26.9302398
          ]
        ]
      },
      "id": "way/849604864"
    },
    {
      "type": "Feature",
      "properties": {
        "@id": "way/868398924",
        "highway": "service"
      },
      "geometry": {
        "type": "LineString",
        "coordinates": [
          [
            -67.5011611,
            -29.153884
          ],
          [
            -67.501095,
            -29.1537786
          ]
        ]
      },
      "id": "way/868398924"
    },
    {
      "type": "Feature",
      "properties": {
        "@id": "way/963507279",
        "highway": "pedestrian"
      },
      "geometry": {
        "type": "LineString",
        "coordinates": [
          [
            -58.4514932,
            -34.6717407
          ],
          [
            -58.4516617,
            -34.6717215
          ],
          [
            -58.4517422,
            -34.6717303
          ],
          [
            -58.4517905,
            -34.6717457
          ],
          [
            -58.4518387,
            -34.6717678
          ],
          [
            -58.4518682,
            -34.6717876
          ],
          [
            -58.4519112,
            -34.6718119
          ],
          [
            -58.4519487,
            -34.6718273
          ],
          [
            -58.4520158,
            -34.6718472
          ],
          [
            -58.4520614,
            -34.6718516
          ],
          [
            -58.4521713,
            -34.6718671
          ],
          [
            -58.4522759,
            -34.6718803
          ],
          [
            -58.4523859,
            -34.6718935
          ],
          [
            -58.452453,
            -34.6718935
          ],
          [
            -58.4525334,
            -34.6718935
          ],
          [
            -58.452638,
            -34.6718957
          ],
          [
            -58.4527523,
            -34.6719213
          ],
          [
            -58.4528553,
            -34.6719509
          ],
          [
            -58.4529527,
            -34.6719703
          ],
          [
            -58.4530538,
            -34.6719928
          ],
          [
            -58.4531122,
            -34.671996
          ],
          [
            -58.4531745,
            -34.6719994
          ],
          [
            -58.4533086,
            -34.6719994
          ],
          [
            -58.4534588,
            -34.6719862
          ],
          [
            -58.4535473,
            -34.6719729
          ],
          [
            -58.4536278,
            -34.6719531
          ],
          [
            -58.4537002,
            -34.6719421
          ],
          [
            -58.4538303,
            -34.6719037
          ],
          [
            -58.4538424,
            -34.6719001
          ],
          [
            -58.4539738,
            -34.6718803
          ],
          [
            -58.4540891,
            -34.6718649
          ],
          [
            -58.4542286,
            -34.6718825
          ],
          [
            -58.4542958,
            -34.6719023
          ],
          [
            -58.4543144,
            -34.6719078
          ],
          [
            -58.4543865,
            -34.671943
          ],
          [
            -58.4544553,
            -34.6719803
          ],
          [
            -58.4545117,
            -34.6720228
          ],
          [
            -58.4545612,
            -34.6720708
          ],
          [
            -58.4545797,
            -34.6720948
          ],
          [
            -58.4545948,
            -34.6721204
          ],
          [
            -58.4546091,
            -34.6721567
          ],
          [
            -58.4546164,
            -34.6721944
          ],
          [
            -58.4546166,
            -34.6722326
          ],
          [
            -58.4546095,
            -34.6722704
          ]
        ]
      },
      "id": "way/963507279"
    },
    {
      "type": "Feature",
      "properties": {
        "@id": "way/992505723",
        "highway": "footway"
      },
      "geometry": {
        "type": "LineString",
        "coordinates": [
          [
            -67.5027196,
            -29.1545617
          ],
          [
            -67.5026727,
            -29.1544024
          ]
        ]
      },
      "id": "way/992505723"
    },
    {
      "type": "Feature",
      "properties": {
        "@id": "way/992505724",
        "highway": "footway"
      },
      "geometry": {
        "type": "LineString",
        "coordinates": [
          [
            -67.5028716,
            -29.1549974
          ],
          [
            -67.5029156,
            -29.154997
          ],
          [
            -67.5027196,
            -29.1545617
          ],
          [
            -67.5021881,
            -29.1543047
          ]
        ]
      },
      "id": "way/992505724"
    },
    {
      "type": "Feature",
      "properties": {
        "@id": "way/992505725",
        "highway": "footway"
      },
      "geometry": {
        "type": "LineString",
        "coordinates": [
          [
            -67.5031068,
            -29.1552992
          ],
          [
            -67.5031605,
            -29.1554069
          ]
        ]
      },
      "id": "way/992505725"
    },
    {
      "type": "Feature",
      "properties": {
        "@id": "way/992505726",
        "highway": "footway"
      },
      "geometry": {
        "type": "LineString",
        "coordinates": [
          [
            -67.4998648,
            -29.1547617
          ],
          [
            -67.4998696,
            -29.1546267
          ],
          [
            -67.4998766,
            -29.1545318
          ],
          [
            -67.5004211,
            -29.1542835
          ],
          [
            -67.5004439,
            -29.154232
          ],
          [
            -67.5011611,
            -29.153884
          ]
        ]
      },
      "id": "way/992505726"
    },
    {
      "type": "Feature",
      "properties": {
        "@id": "way/992505727",
        "highway": "path"
      },
      "geometry": {
        "type": "LineString",
        "coordinates": [
          [
            -67.5033695,
            -29.1547764
          ],
          [
            -67.5036326,
            -29.1548038
          ]
        ]
      },
      "id": "way/992505727"
    },
    {
      "type": "Feature",
      "properties": {
        "@id": "way/992505728",
        "highway": "footway"
      },
      "geometry": {
        "type": "LineString",
        "coordinates": [
          [
            -67.501698,
            -29.1538791
          ],
          [
            -67.5016397,
            -29.1537057
          ]
        ]
      },
      "id": "way/992505728"
    },
    {
      "type": "Feature",
      "properties": {
        "@id": "way/992505729",
        "highway": "footway"
      },
      "geometry": {
        "type": "LineString",
        "coordinates": [
          [
            -67.5011611,
            -29.153884
          ],
          [
            -67.5014517,
            -29.1537231
          ],
          [
            -67.5015609,
            -29.1536923
          ],
          [
            -67.5016397,
            -29.1537057
          ]
        ]
      },
      "id": "way/992505729"
    },
    {
      "type": "Feature",
      "properties": {
        "@id": "way/992505730",
        "highway": "footway"
      },
      "geometry": {
        "type": "LineString",
        "coordinates": [
          [
            -67.5013541,
            -29.1560587
          ],
          [
            -67.5013009,
            -29.1559505
          ]
        ]
      },
      "id": "way/992505730"
    },
    {
      "type": "Feature",
      "properties": {
        "@id": "way/992507465",
        "highway": "footway"
      },
      "geometry": {
        "type": "LineString",
        "coordinates": [
          [
            -66.8928794,
            -29.4443678
          ],
          [
            -66.8926758,
            -29.4443841
          ]
        ]
      },
      "id": "way/992507465"
    },
    {
      "type": "Feature",
      "properties": {
        "@id": "way/992507466",
        "highway": "footway"
      },
      "geometry": {
        "type": "LineString",
        "coordinates": [
          [
            -66.9018625,
            -29.4381689
          ],
          [
            -66.9016515,
            -29.4380045
          ],
          [
            -66.9015612,
            -29.4379854
          ]
        ]
      },
      "id": "way/992507466"
    },
    {
      "type": "Feature",
      "properties": {
        "@id": "way/992507467",
        "highway": "footway"
      },
      "geometry": {
        "type": "LineString",
        "coordinates": [
          [
            -66.897465,
            -29.4420784
          ],
          [
            -66.8972211,
            -29.441891
          ],
          [
            -66.8971683,
            -29.4418723
          ],
          [
            -66.8971277,
            -29.4418693
          ],
          [
            -66.8970823,
            -29.4418727
          ],
          [
            -66.8970247,
            -29.441887
          ],
          [
            -66.896979,
            -29.4419105
          ],
          [
            -66.8963691,
            -29.4425315
          ],
          [
            -66.8963522,
            -29.4425521
          ],
          [
            -66.8963454,
            -29.4425756
          ],
          [
            -66.8963731,
            -29.4427506
          ]
        ]
      },
      "id": "way/992507467"
    },
    {
      "type": "Feature",
      "properties": {
        "@id": "way/992507468",
        "highway": "footway"
      },
      "geometry": {
        "type": "LineString",
        "coordinates": [
          [
            -66.8981265,
            -29.4414087
          ],
          [
            -66.8980368,
            -29.441344
          ],
          [
            -66.8979912,
            -29.4413322
          ],
          [
            -66.8979236,
            -29.4413205
          ],
          [
            -66.8978695,
            -29.441319
          ],
          [
            -66.8977893,
            -29.441315
          ]
        ]
      },
      "id": "way/992507468"
    },
    {
      "type": "Feature",
      "properties": {
        "@id": "way/992507469",
        "highway": "footway"
      },
      "geometry": {
        "type": "LineString",
        "coordinates": [
          [
            -66.8970229,
            -29.4412194
          ],
          [
            -66.8970072,
            -29.4414989
          ],
          [
            -66.8970823,
            -29.4418727
          ]
        ]
      },
      "id": "way/992507469"
    },
    {
      "type": "Feature",
      "properties": {
        "@id": "way/992507470",
        "highway": "footway"
      },
      "geometry": {
        "type": "LineString",
        "coordinates": [
          [
            -66.8990436,
            -29.4404803
          ],
          [
            -66.898798,
            -29.4402924
          ],
          [
            -66.8982478,
            -29.4398715
          ]
        ]
      },
      "id": "way/992507470"
    },
    {
      "type": "Feature",
      "properties": {
        "@id": "way/992507471",
        "highway": "footway"
      },
      "geometry": {
        "type": "LineString",
        "coordinates": [
          [
            -66.8975705,
            -29.4401442
          ],
          [
            -66.8980884,
            -29.4395499
          ]
        ]
      },
      "id": "way/992507471"
    },
    {
      "type": "Feature",
      "properties": {
        "@id": "way/992507472",
        "highway": "footway"
      },
      "geometry": {
        "type": "LineString",
        "coordinates": [
          [
            -66.898343,
            -29.4403123
          ],
          [
            -66.8975705,
            -29.4401442
          ]
        ]
      },
      "id": "way/992507472"
    },
    {
      "type": "Feature",
      "properties": {
        "@id": "way/992507473",
        "highway": "footway"
      },
      "geometry": {
        "type": "LineString",
        "coordinates": [
          [
            -66.898182,
            -29.4395672
          ],
          [
            -66.8982478,
            -29.4398715
          ],
          [
            -66.898343,
            -29.4403123
          ]
        ]
      },
      "id": "way/992507473"
    },
    {
      "type": "Feature",
      "properties": {
        "@id": "way/992507474",
        "highway": "footway"
      },
      "geometry": {
        "type": "LineString",
        "coordinates": [
          [
            -66.8970555,
            -29.4393593
          ],
          [
            -66.8980884,
            -29.4395499
          ],
          [
            -66.898182,
            -29.4395672
          ]
        ]
      },
      "id": "way/992507474"
    },
    {
      "type": "Feature",
      "properties": {
        "@id": "way/992507475",
        "highway": "footway"
      },
      "geometry": {
        "type": "LineString",
        "coordinates": [
          [
            -66.8979868,
            -29.440944
          ],
          [
            -66.8978763,
            -29.4408496
          ],
          [
            -66.8974283,
            -29.4401722
          ],
          [
            -66.8972996,
            -29.4396186
          ],
          [
            -66.8972138,
            -29.4394831
          ],
          [
            -66.8970436,
            -29.4393987
          ],
          [
            -66.8968604,
            -29.4393149
          ],
          [
            -66.8966764,
            -29.4392305
          ]
        ]
      },
      "id": "way/992507475"
    },
    {
      "type": "Feature",
      "properties": {
        "@id": "way/992507476",
        "highway": "footway"
      },
      "geometry": {
        "type": "LineString",
        "coordinates": [
          [
            -66.8966773,
            -29.4411924
          ],
          [
            -66.8966639,
            -29.4409827
          ],
          [
            -66.8967739,
            -29.4407071
          ],
          [
            -66.8967685,
            -29.4403077
          ],
          [
            -66.8970436,
            -29.4393987
          ],
          [
            -66.8970555,
            -29.4393593
          ],
          [
            -66.8971789,
            -29.4392822
          ],
          [
            -66.8978736,
            -29.4391981
          ],
          [
            -66.8981713,
            -29.4390113
          ]
        ]
      },
      "id": "way/992507476"
    },
    {
      "type": "Feature",
      "properties": {
        "@id": "way/992508328",
        "highway": "service"
      },
      "geometry": {
        "type": "LineString",
        "coordinates": [
          [
            -66.8937513,
            -29.439404
          ],
          [
            -66.8937593,
            -29.4395046
          ],
          [
            -66.8938074,
            -29.4401091
          ]
        ]
      },
      "id": "way/992508328"
    },
    {
      "type": "Feature",
      "properties": {
        "@id": "way/992508329",
        "highway": "footway"
      },
      "geometry": {
        "type": "LineString",
        "coordinates": [
          [
            -66.8923704,
            -29.4396092
          ],
          [
            -66.8932759,
            -29.439541
          ],
          [
            -66.8937593,
            -29.4395046
          ]
        ]
      },
      "id": "way/992508329"
    },
    {
      "type": "Feature",
      "properties": {
        "@id": "way/992508330",
        "highway": "footway"
      },
      "geometry": {
        "type": "LineString",
        "coordinates": [
          [
            -66.893327,
            -29.4401391
          ],
          [
            -66.8932759,
            -29.439541
          ],
          [
            -66.8932672,
            -29.4394394
          ]
        ]
      },
      "id": "way/992508330"
    },
    {
      "type": "Feature",
      "properties": {
        "@id": "way/992508331",
        "highway": "footway"
      },
      "geometry": {
        "type": "LineString",
        "coordinates": [
          [
            -66.8927877,
            -29.4406981
          ],
          [
            -66.8924701,
            -29.4407289
          ]
        ]
      },
      "id": "way/992508331"
    },
    {
      "type": "Feature",
      "properties": {
        "@id": "way/992508332",
        "highway": "footway"
      },
      "geometry": {
        "type": "LineString",
        "coordinates": [
          [
            -66.8942952,
            -29.4410698
          ],
          [
            -66.8939443,
            -29.4408975
          ]
        ]
      },
      "id": "way/992508332"
    },
    {
      "type": "Feature",
      "properties": {
        "@id": "way/992508333",
        "highway": "footway"
      },
      "geometry": {
        "type": "LineString",
        "coordinates": [
          [
            -66.894871,
            -29.4408775
          ],
          [
            -66.8942952,
            -29.4410698
          ],
          [
            -66.893521,
            -29.4413282
          ],
          [
            -66.8931288,
            -29.4414499
          ],
          [
            -66.8929517,
            -29.4414756
          ],
          [
            -66.8926969,
            -29.4414919
          ],
          [
            -66.8925366,
            -29.4414764
          ]
        ]
      },
      "id": "way/992508333"
    },
    {
      "type": "Feature",
      "properties": {
        "@id": "way/992508334",
        "highway": "footway"
      },
      "geometry": {
        "type": "LineString",
        "coordinates": [
          [
            -66.8934667,
            -29.4411933
          ],
          [
            -66.893521,
            -29.4413282
          ],
          [
            -66.8935494,
            -29.441399
          ]
        ]
      },
      "id": "way/992508334"
    },
    {
      "type": "Feature",
      "properties": {
        "@id": "way/992508335",
        "highway": "footway"
      },
      "geometry": {
        "type": "LineString",
        "coordinates": [
          [
            -66.8939913,
            -29.4407788
          ],
          [
            -66.8939443,
            -29.4408975
          ],
          [
            -66.8938612,
            -29.4410089
          ],
          [
            -66.893749,
            -29.4410987
          ],
          [
            -66.8936147,
            -29.4411615
          ],
          [
            -66.8934667,
            -29.4411933
          ],
          [
            -66.8933254,
            -29.4411934
          ],
          [
            -66.8931878,
            -29.441165
          ],
          [
            -66.8930615,
            -29.4411099
          ],
          [
            -66.8929531,
            -29.4410308
          ],
          [
            -66.8928686,
            -29.4409322
          ],
          [
            -66.8928124,
            -29.4408193
          ],
          [
            -66.8927877,
            -29.4406981
          ],
          [
            -66.892794,
            -29.4405834
          ],
          [
            -66.8928286,
            -29.4404726
          ],
          [
            -66.8928897,
            -29.4403709
          ],
          [
            -66.8929745,
            -29.440283
          ],
          [
            -66.8930791,
            -29.440213
          ],
          [
            -66.8931984,
            -29.4401643
          ],
          [
            -66.893327,
            -29.4401391
          ],
          [
            -66.8934712,
            -29.4401397
          ],
          [
            -66.8936112,
            -29.4401699
          ],
          [
            -66.8937391,
            -29.4402279
          ],
          [
            -66.8938478,
            -29.4403104
          ],
          [
            -66.8939312,
            -29.4404128
          ],
          [
            -66.8939846,
            -29.4405295
          ],
          [
            -66.894005,
            -29.4406538
          ],
          [
            -66.8939913,
            -29.4407788
          ]
        ]
      },
      "id": "way/992508335"
    },
    {
      "type": "Feature",
      "properties": {
        "@id": "way/1029442388",
        "intermittent": "yes",
        "layer": -1,
        "tunnel": "culvert",
        "waterway": "stream"
      },
      "geometry": {
        "type": "LineString",
        "coordinates": [
          [
            -66.8932523,
            -29.4445639
          ],
          [
            -66.8932068,
            -29.4448801
          ]
        ]
      },
      "id": "way/1029442388"
    },
    {
      "type": "Feature",
      "properties": {
        "@id": "way/1044551964"
      },
      "geometry": {
        "type": "LineString",
        "coordinates": [
          [
            -55.9681709,
            -27.3997739
          ],
          [
            -55.9681941,
            -27.3998222
          ],
          [
            -55.9682083,
            -27.3998733
          ],
          [
            -55.9682133,
            -27.3999256
          ],
          [
            -55.9682089,
            -27.399978
          ],
          [
            -55.9681953,
            -27.4000292
          ],
          [
            -55.9681728,
            -27.4000778
          ],
          [
            -55.9681419,
            -27.4001226
          ],
          [
            -55.9681034,
            -27.4001625
          ],
          [
            -55.9680573,
            -27.4001966
          ],
          [
            -55.9680184,
            -27.4002186
          ],
          [
            -55.968008,
            -27.4002237
          ],
          [
            -55.9679535,
            -27.4002435
          ],
          [
            -55.9678962,
            -27.4002555
          ],
          [
            -55.9678375,
            -27.4002593
          ],
          [
            -55.9677709,
            -27.4002532
          ],
          [
            -55.9677218,
            -27.4002425
          ],
          [
            -55.9676675,
            -27.4002222
          ],
          [
            -55.9676176,
            -27.4001946
          ],
          [
            -55.9675731,
            -27.4001603
          ],
          [
            -55.9675406,
            -27.4001173
          ],
          [
            -55.9670898,
            -27.3994821
          ],
          [
            -55.9670607,
            -27.3994308
          ],
          [
            -55.9670379,
            -27.3993772
          ],
          [
            -55.9670258,
            -27.399321
          ],
          [
            -55.9670248,
            -27.3992637
          ],
          [
            -55.9670276,
            -27.3992481
          ],
          [
            -55.9670348,
            -27.3992072
          ],
          [
            -55.9670557,
            -27.399153
          ],
          [
            -55.9670867,
            -27.3991028
          ],
          [
            -55.967127,
            -27.3990581
          ],
          [
            -55.9671754,
            -27.3990202
          ],
          [
            -55.9671862,
            -27.3990148
          ],
          [
            -55.96722,
            -27.3989955
          ],
          [
            -55.9672303,
            -27.3989903
          ],
          [
            -55.9672902,
            -27.3989692
          ],
          [
            -55.9673534,
            -27.3989575
          ],
          [
            -55.9674178,
            -27.3989556
          ],
          [
            -55.9674817,
            -27.3989636
          ],
          [
            -55.9675278,
            -27.3989769
          ],
          [
            -55.967543,
            -27.3989813
          ],
          [
            -55.9676,
            -27.399008
          ],
          [
            -55.9676511,
            -27.399043
          ],
          [
            -55.9676945,
            -27.3990853
          ],
          [
            -55.9677292,
            -27.3991335
          ],
          [
            -55.9681709,
            -27.3997739
          ]
        ]
      },
      "id": "way/1044551964"
    },
    {
      "type": "Feature",
      "properties": {
        "@id": "way/1044551965"
      },
      "geometry": {
        "type": "LineString",
        "coordinates": [
          [
            -55.9677966,
            -27.3990865
          ],
          [
            -55.968246,
            -27.3997274
          ],
          [
            -55.9682737,
            -27.3997807
          ],
          [
            -55.9682924,
            -27.399837
          ],
          [
            -55.9683019,
            -27.399895
          ],
          [
            -55.9683019,
            -27.3999537
          ],
          [
            -55.9682924,
            -27.4000117
          ],
          [
            -55.9682736,
            -27.400068
          ],
          [
            -55.9682459,
            -27.4001212
          ],
          [
            -55.9682098,
            -27.4001704
          ],
          [
            -55.9681662,
            -27.4002145
          ],
          [
            -55.9681159,
            -27.4002525
          ],
          [
            -55.96806,
            -27.4002838
          ],
          [
            -55.9679995,
            -27.4003076
          ],
          [
            -55.9679358,
            -27.4003234
          ],
          [
            -55.9678702,
            -27.400331
          ],
          [
            -55.9678041,
            -27.4003301
          ],
          [
            -55.9677388,
            -27.4003207
          ],
          [
            -55.9676757,
            -27.4003032
          ],
          [
            -55.9676161,
            -27.4002777
          ],
          [
            -55.9675613,
            -27.400245
          ],
          [
            -55.9675123,
            -27.4002055
          ],
          [
            -55.9674702,
            -27.4001602
          ],
          [
            -55.9670208,
            -27.3995193
          ],
          [
            -55.9669842,
            -27.3994652
          ],
          [
            -55.9669575,
            -27.3994067
          ],
          [
            -55.9669413,
            -27.3993453
          ],
          [
            -55.9669359,
            -27.3992824
          ],
          [
            -55.9669416,
            -27.3992195
          ],
          [
            -55.9669581,
            -27.3991581
          ],
          [
            -55.9669851,
            -27.3990998
          ],
          [
            -55.9670219,
            -27.3990458
          ],
          [
            -55.9670677,
            -27.3989975
          ],
          [
            -55.9671213,
            -27.3989561
          ],
          [
            -55.9671815,
            -27.3989225
          ],
          [
            -55.9672468,
            -27.3988976
          ],
          [
            -55.9673156,
            -27.398882
          ],
          [
            -55.9673863,
            -27.3988759
          ],
          [
            -55.9674573,
            -27.3988796
          ],
          [
            -55.9675267,
            -27.398893
          ],
          [
            -55.967593,
            -27.3989158
          ],
          [
            -55.9676545,
            -27.3989474
          ],
          [
            -55.9677098,
            -27.398987
          ],
          [
            -55.9677576,
            -27.3990338
          ],
          [
            -55.9677966,
            -27.3990865
          ]
        ]
      },
      "id": "way/1044551965"
    },
    {
      "type": "Feature",
      "properties": {
        "@id": "way/1080048745",
        "alt_name": "Colectora Acceso Oeste",
        "highway": "residential",
        "lanes": 2,
        "name": "Calle 126",
        "oneway": "yes",
        "smoothness": "excellent",
        "surface": "asphalt"
      },
      "geometry": {
        "type": "LineString",
        "coordinates": [
          [
            -55.9683707,
            -27.4028469
          ],
          [
            -55.9696304,
            -27.4037546
          ],
          [
            -55.9705911,
            -27.4044401
          ],
          [
            -55.9756102,
            -27.4080632
          ],
          [
            -55.9758902,
            -27.408265
          ],
          [
            -55.9761247,
            -27.4084339
          ],
          [
            -55.9763142,
            -27.4085705
          ],
          [
            -55.9766642,
            -27.4088188
          ],
          [
            -55.9772274,
            -27.4092184
          ]
        ]
      },
      "id": "way/1080048745"
    },
    {
      "type": "Feature",
      "properties": {
        "@id": "way/1125877264",
        "waterway": "stream"
      },
      "geometry": {
        "type": "LineString",
        "coordinates": [
          [
            -55.0532961,
            -26.9308168
          ],
          [
            -55.0533005,
            -26.9307695
          ],
          [
            -55.0533933,
            -26.9306277
          ],
          [
            -55.053517,
            -26.9304268
          ],
          [
            -55.0536269,
            -26.930269
          ]
        ]
      },
      "id": "way/1125877264"
    },
    {
      "type": "Feature",
      "properties": {
        "@id": "way/1125877266",
        "layer": -1,
        "tunnel": "culvert",
        "waterway": "stream"
      },
      "geometry": {
        "type": "LineString",
        "coordinates": [
          [
            -55.0536269,
            -26.930269
          ],
          [
            -55.0536705,
            -26.9302073
          ]
        ]
      },
      "id": "way/1125877266"
    },
    {
      "type": "Feature",
      "properties": {
        "@id": "way/1189463348",
        "embankment": "yes",
        "gauge": 610,
        "name": "Tren Perimetral a Vapor",
        "railway": "disused"
      },
      "geometry": {
        "type": "LineString",
        "coordinates": [
          [
            -58.4542804,
            -34.6712497
          ],
          [
            -58.4540939,
            -34.6713683
          ],
          [
            -58.4539355,
            -34.671443
          ],
          [
            -58.4536674,
            -34.6715191
          ]
        ]
      },
      "id": "way/1189463348"
    },
    {
      "type": "Feature",
      "properties": {
        "@id": "way/1189463349",
        "bridge": "yes",
        "gauge": 610,
        "layer": 1,
        "name": "Tren Perimetral a Vapor",
        "railway": "disused"
      },
      "geometry": {
        "type": "LineString",
        "coordinates": [
          [
            -58.4521944,
            -34.670901
          ],
          [
            -58.4520641,
            -34.6707914
          ]
        ]
      },
      "id": "way/1189463349"
    },
    {
      "type": "Feature",
      "properties": {
        "@id": "way/1189463350",
        "embankment": "yes",
        "gauge": 610,
        "name": "Tren Perimetral a Vapor",
        "railway": "disused"
      },
      "geometry": {
        "type": "LineString",
        "coordinates": [
          [
            -58.4520641,
            -34.6707914
          ],
          [
            -58.4517683,
            -34.670538
          ]
        ]
      },
      "id": "way/1189463350"
    },
    {
      "type": "Feature",
      "properties": {
        "@id": "way/1189463351",
        "bridge": "yes",
        "gauge": 610,
        "layer": 1,
        "name": "Tren Perimetral a Vapor",
        "railway": "disused"
      },
      "geometry": {
        "type": "LineString",
        "coordinates": [
          [
            -58.4517683,
            -34.670538
          ],
          [
            -58.4514462,
            -34.6701947
          ]
        ]
      },
      "id": "way/1189463351"
    },
    {
      "type": "Feature",
      "properties": {
        "@id": "way/1189463356",
        "embankment": "yes",
        "gauge": 610,
        "name": "Tren Perimetral a Vapor",
        "railway": "abandoned"
      },
      "geometry": {
        "type": "LineString",
        "coordinates": [
          [
            -58.4557948,
            -34.6709402
          ],
          [
            -58.4555179,
            -34.6708655
          ],
          [
            -58.455253,
            -34.6708401
          ],
          [
            -58.4549911,
            -34.6708642
          ],
          [
            -58.4547446,
            -34.6709415
          ],
          [
            -58.4546451,
            -34.6709932
          ],
          [
            -58.4544303,
            -34.6711341
          ]
        ]
      },
      "id": "way/1189463356"
    },
    {
      "type": "Feature",
      "properties": {
        "@id": "way/1189463357",
        "bridge": "yes",
        "gauge": 610,
        "layer": 1,
        "name": "Tren Perimetral a Vapor",
        "railway": "disused"
      },
      "geometry": {
        "type": "LineString",
        "coordinates": [
          [
            -58.4544303,
            -34.6711341
          ],
          [
            -58.4542804,
            -34.6712497
          ]
        ]
      },
      "id": "way/1189463357"
    },
    {
      "type": "Feature",
      "properties": {
        "@id": "way/1201163408",
        "bicycle": "designated",
        "foot": "yes",
        "highway": "service",
        "lanes": 1,
        "maxspeed": 30,
        "motorcar": "yes",
        "motorcycle": "yes",
        "oneway": "yes",
        "smoothness": "excellent",
        "surface": "asphalt",
        "vehicle": "yes"
      },
      "geometry": {
        "type": "LineString",
        "coordinates": [
          [
            -55.9713065,
            -27.4034766
          ],
          [
            -55.9713565,
            -27.4033126
          ],
          [
            -55.9713853,
            -27.4031446
          ],
          [
            -55.9713928,
            -27.4029749
          ],
          [
            -55.9713787,
            -27.4028054
          ],
          [
            -55.9713432,
            -27.4026385
          ]
        ]
      },
      "id": "way/1201163408"
    },
    {
      "type": "Feature",
      "properties": {
        "@id": "way/1208901528",
        "addr:inclusion": "estimate",
        "addr:interpolation": "odd"
      },
      "geometry": {
        "type": "LineString",
        "coordinates": [
          [
            -61.1003778,
            -31.7315073
          ],
          [
            -61.1012668,
            -31.7350957
          ]
        ]
      },
      "id": "way/1208901528"
    },
    {
      "type": "Feature",
      "properties": {
        "@id": "way/1208901584",
        "addr:inclusion": "estimate",
        "addr:interpolation": "odd"
      },
      "geometry": {
        "type": "LineString",
        "coordinates": [
          [
            -61.0972681,
            -31.7320017
          ],
          [
            -61.1001711,
            -31.7314763
          ]
        ]
      },
      "id": "way/1208901584"
    },
    {
      "type": "Feature",
      "properties": {
        "@id": "way/1208902162",
        "addr:inclusion": "estimate",
        "addr:interpolation": "even"
      },
      "geometry": {
        "type": "LineString",
        "coordinates": [
          [
            -61.0995648,
            -31.7354491
          ],
          [
            -61.1012279,
            -31.7351463
          ]
        ]
      },
      "id": "way/1208902162"
    },
    {
      "type": "Feature",
      "properties": {
        "@id": "way/1208902169",
        "addr:inclusion": "estimate",
        "addr:interpolation": "even"
      },
      "geometry": {
        "type": "LineString",
        "coordinates": [
          [
            -61.0990691,
            -31.733793
          ],
          [
            -61.0995048,
            -31.7354155
          ]
        ]
      },
      "id": "way/1208902169"
    },
    {
      "type": "Feature",
      "properties": {
        "@id": "way/1208902186",
        "addr:inclusion": "estimate",
        "addr:interpolation": "even"
      },
      "geometry": {
        "type": "LineString",
        "coordinates": [
          [
            -61.0972294,
            -31.732052
          ],
          [
            -61.0976369,
            -31.7337333
          ]
        ]
      },
      "id": "way/1208902186"
    },
    {
      "type": "Feature",
      "properties": {
        "@id": "way/1208902189",
        "addr:inclusion": "estimate",
        "addr:interpolation": "even"
      },
      "geometry": {
        "type": "LineString",
        "coordinates": [
          [
            -61.0976923,
            -31.7337644
          ],
          [
            -61.0987694,
            -31.7335963
          ]
        ]
      },
      "id": "way/1208902189"
    },
    {
      "type": "Feature",
      "properties": {
        "@id": "way/1212888145",
        "highway": "service",
        "service": "driveway"
      },
      "geometry": {
        "type": "LineString",
        "coordinates": [
          [
            -55.9732199,
            -27.4003465
          ],
          [
            -55.9743948,
            -27.4003078
          ]
        ]
      },
      "id": "way/1212888145"
    },
    {
      "type": "Feature",
      "properties": {
        "@id": "way/1225745565",
        "highway": "path"
      },
      "geometry": {
        "type": "LineString",
        "coordinates": [
          [
            -62.3132168,
            -38.6926345
          ],
          [
            -62.3126927,
            -38.6922447
          ],
          [
            -62.3119393,
            -38.6916597
          ],
          [
            -62.3119194,
            -38.691644
          ]
        ]
      },
      "id": "way/1225745565"
    },
    {
      "type": "Feature",
      "properties": {
        "@id": "way/1235397818",
        "highway": "trunk_link",
        "oneway": "yes",
        "smoothness": "excellent",
        "surface": "asphalt"
      },
      "geometry": {
        "type": "LineString",
        "coordinates": [
          [
            -55.9691585,
            -27.4036521
          ],
          [
            -55.9696304,
            -27.4037546
          ]
        ]
      },
      "id": "way/1235397818"
    },
    {
      "type": "Feature",
      "properties": {
        "@id": "way/1235400495",
        "bicycle": "designated",
        "foot": "yes",
        "highway": "service",
        "lanes": 1,
        "maxspeed": 30,
        "motorcar": "yes",
        "motorcycle": "yes",
        "oneway": "no",
        "smoothness": "excellent",
        "surface": "asphalt",
        "vehicle": "yes"
      },
      "geometry": {
        "type": "LineString",
        "coordinates": [
          [
            -55.9727763,
            -27.4029333
          ],
          [
            -55.9727454,
            -27.4029529
          ],
          [
            -55.9726609,
            -27.4030005
          ],
          [
            -55.9725644,
            -27.4030362
          ],
          [
            -55.9723694,
            -27.4030523
          ]
        ]
      },
      "id": "way/1235400495"
    },
    {
      "type": "Feature",
      "properties": {
        "@id": "way/1235400496",
        "bicycle": "designated",
        "foot": "yes",
        "highway": "service",
        "lanes": 1,
        "maxspeed": 30,
        "motorcar": "yes",
        "motorcycle": "yes",
        "oneway": "yes",
        "smoothness": "excellent",
        "surface": "asphalt",
        "vehicle": "yes"
      },
      "geometry": {
        "type": "LineString",
        "coordinates": [
          [
            -55.9723694,
            -27.4030523
          ],
          [
            -55.9722304,
            -27.4029934
          ],
          [
            -55.9719955,
            -27.4029033
          ],
          [
            -55.9717789,
            -27.402832
          ]
        ]
      },
      "id": "way/1235400496"
    },
    {
      "type": "Feature",
      "properties": {
        "@id": "way/1235400497",
        "bicycle": "designated",
        "foot": "yes",
        "highway": "service",
        "lanes": 1,
        "maxspeed": 30,
        "motorcar": "yes",
        "motorcycle": "yes",
        "oneway": "yes",
        "smoothness": "excellent",
        "surface": "asphalt",
        "vehicle": "yes"
      },
      "geometry": {
        "type": "LineString",
        "coordinates": [
          [
            -55.9717789,
            -27.402832
          ],
          [
            -55.9721392,
            -27.4028731
          ],
          [
            -55.9725607,
            -27.4029148
          ],
          [
            -55.9726931,
            -27.4029148
          ],
          [
            -55.9727763,
            -27.4029333
          ]
        ]
      },
      "id": "way/1235400497"
    },
    {
      "type": "Feature",
      "properties": {
        "@id": "way/1235400498",
        "bicycle": "designated",
        "highway": "service",
        "lanes": 2,
        "maxspeed": 30,
        "oneway": "yes",
        "smoothness": "excellent",
        "surface": "asphalt"
      },
      "geometry": {
        "type": "LineString",
        "coordinates": [
          [
            -55.9709284,
            -27.4039966
          ],
          [
            -55.9713065,
            -27.4034766
          ]
        ]
      },
      "id": "way/1235400498"
    },
    {
      "type": "Feature",
      "properties": {
        "@id": "way/1235400499",
        "bicycle": "designated",
        "highway": "service",
        "lanes": 2,
        "maxspeed": 30,
        "oneway": "no",
        "smoothness": "excellent",
        "surface": "asphalt"
      },
      "geometry": {
        "type": "LineString",
        "coordinates": [
          [
            -55.9709284,
            -27.4039966
          ],
          [
            -55.9708311,
            -27.4041245
          ],
          [
            -55.9707256,
            -27.4042632
          ],
          [
            -55.9705911,
            -27.4044401
          ]
        ]
      },
      "id": "way/1235400499"
    },
    {
      "type": "Feature",
      "properties": {
        "@id": "way/1235413790",
        "foot": "yes",
        "highway": "cycleway",
        "smoothness": "excellent",
        "surface": "asphalt"
      },
      "geometry": {
        "type": "LineString",
        "coordinates": [
          [
            -55.969107,
            -27.4022028
          ],
          [
            -55.9691486,
            -27.4021611
          ],
          [
            -55.9691754,
            -27.4021147
          ],
          [
            -55.9691834,
            -27.4020587
          ],
          [
            -55.9691767,
            -27.4012538
          ],
          [
            -55.9691767,
            -27.4011931
          ],
          [
            -55.9691808,
            -27.4011574
          ],
          [
            -55.9691982,
            -27.4011276
          ],
          [
            -55.9692411,
            -27.4011098
          ],
          [
            -55.9698178,
            -27.4011074
          ],
          [
            -55.9698879,
            -27.4011208
          ],
          [
            -55.9699063,
            -27.4011538
          ],
          [
            -55.969913,
            -27.4012015
          ],
          [
            -55.9699141,
            -27.4012397
          ]
        ]
      },
      "id": "way/1235413790"
    },
    {
      "type": "Feature",
      "properties": {
        "@id": "way/1235413791",
        "highway": "service",
        "surface": "asphalt"
      },
      "geometry": {
        "type": "LineString",
        "coordinates": [
          [
            -55.9670379,
            -27.4021265
          ],
          [
            -55.9672254,
            -27.4019258
          ],
          [
            -55.9672667,
            -27.4018743
          ],
          [
            -55.9672294,
            -27.401821
          ],
          [
            -55.9671906,
            -27.401793
          ],
          [
            -55.966391,
            -27.4012144
          ],
          [
            -55.9663001,
            -27.4011469
          ],
          [
            -55.965791,
            -27.4006308
          ],
          [
            -55.9657491,
            -27.4004945
          ],
          [
            -55.9657352,
            -27.4004167
          ]
        ]
      },
      "id": "way/1235413791"
    },
    {
      "type": "Feature",
      "properties": {
        "@id": "way/1235413888",
        "foot": "yes",
        "highway": "cycleway",
        "smoothness": "excellent",
        "surface": "asphalt"
      },
      "geometry": {
        "type": "LineString",
        "coordinates": [
          [
            -55.9704375,
            -27.4005717
          ],
          [
            -55.9704236,
            -27.4006341
          ],
          [
            -55.9703807,
            -27.400685
          ],
          [
            -55.9703172,
            -27.4007144
          ],
          [
            -55.9702456,
            -27.4007164
          ],
          [
            -55.97018,
            -27.4006907
          ]
        ]
      },
      "id": "way/1235413888"
    },
    {
      "type": "Feature",
      "properties": {
        "@id": "way/1235414043",
        "foot": "yes",
        "highway": "cycleway",
        "smoothness": "excellent",
        "surface": "asphalt"
      },
      "geometry": {
        "type": "LineString",
        "coordinates": [
          [
            -55.9698879,
            -27.4011208
          ],
          [
            -55.9699405,
            -27.4011499
          ],
          [
            -55.9699972,
            -27.401172
          ],
          [
            -55.9700568,
            -27.4011868
          ]
        ]
      },
      "id": "way/1235414043"
    },
    {
      "type": "Feature",
      "properties": {
        "@id": "way/1243324528",
        "highway": "pedestrian"
      },
      "geometry": {
        "type": "LineString",
        "coordinates": [
          [
            -58.4503306,
            -34.6714065
          ],
          [
            -58.4503412,
            -34.6713368
          ],
          [
            -58.4503486,
            -34.6712247
          ],
          [
            -58.450338,
            -34.6710899
          ],
          [
            -58.4503082,
            -34.6709997
          ],
          [
            -58.4502294,
            -34.6708999
          ],
          [
            -58.4501134,
            -34.6708133
          ],
          [
            -58.4497869,
            -34.6705895
          ],
          [
            -58.4495364,
            -34.6704246
          ],
          [
            -58.4494609,
            -34.6703589
          ],
          [
            -58.4493928,
            -34.6702784
          ],
          [
            -58.449347,
            -34.6701987
          ],
          [
            -58.4493268,
            -34.6701339
          ],
          [
            -58.4492909,
            -34.6700338
          ],
          [
            -58.449251,
            -34.6699801
          ],
          [
            -58.4492205,
            -34.6699604
          ],
          [
            -58.4491894,
            -34.6699403
          ],
          [
            -58.4490962,
            -34.6698935
          ],
          [
            -58.4489977,
            -34.6698599
          ],
          [
            -58.4485646,
            -34.6697094
          ],
          [
            -58.4481527,
            -34.6695693
          ],
          [
            -58.4477014,
            -34.669405
          ],
          [
            -58.4474889,
            -34.669302
          ],
          [
            -58.4471451,
            -34.6691888
          ],
          [
            -58.4469359,
            -34.6691154
          ],
          [
            -58.446617,
            -34.6689866
          ],
          [
            -58.4465037,
            -34.6689394
          ]
        ]
      },
      "id": "way/1243324528"
    },
    {
      "type": "Feature",
      "properties": {
        "@id": "way/1243324529",
        "highway": "pedestrian"
      },
      "geometry": {
        "type": "LineString",
        "coordinates": [
          [
            -58.4468908,
            -34.6719709
          ],
          [
            -58.4464999,
            -34.6711727
          ]
        ]
      },
      "id": "way/1243324529"
    },
    {
      "type": "Feature",
      "properties": {
        "@id": "way/1243324530",
        "highway": "pedestrian"
      },
      "geometry": {
        "type": "LineString",
        "coordinates": [
          [
            -58.4471443,
            -34.6724869
          ],
          [
            -58.4468908,
            -34.6719709
          ],
          [
            -58.4465721,
            -34.6720842
          ]
        ]
      },
      "id": "way/1243324530"
    },
    {
      "type": "Feature",
      "properties": {
        "@id": "way/1243324531",
        "highway": "pedestrian"
      },
      "geometry": {
        "type": "LineString",
        "coordinates": [
          [
            -58.4543487,
            -34.6711206
          ],
          [
            -58.4541991,
            -34.6711001
          ],
          [
            -58.4540302,
            -34.6710417
          ],
          [
            -58.4538387,
            -34.67094
          ],
          [
            -58.45364,
            -34.6708283
          ],
          [
            -58.453355,
            -34.670679
          ],
          [
            -58.4530746,
            -34.6705157
          ]
        ]
      },
      "id": "way/1243324531"
    },
    {
      "type": "Feature",
      "properties": {
        "@id": "way/1243324532",
        "highway": "pedestrian"
      },
      "geometry": {
        "type": "LineString",
        "coordinates": [
          [
            -58.4556195,
            -34.6706653
          ],
          [
            -58.4556001,
            -34.670747
          ],
          [
            -58.4554354,
            -34.6709841
          ],
          [
            -58.455345,
            -34.6710385
          ],
          [
            -58.4549804,
            -34.671009
          ],
          [
            -58.4548673,
            -34.6710183
          ],
          [
            -58.454727,
            -34.6711018
          ],
          [
            -58.45451,
            -34.6712476
          ],
          [
            -58.454452,
            -34.6712771
          ],
          [
            -58.4544102,
            -34.6712496
          ],
          [
            -58.4543982,
            -34.6712363
          ],
          [
            -58.4543681,
            -34.6712032
          ],
          [
            -58.4543504,
            -34.6711574
          ],
          [
            -58.4543487,
            -34.6711206
          ],
          [
            -58.4543767,
            -34.6710585
          ],
          [
            -58.454411,
            -34.6709511
          ],
          [
            -58.4544324,
            -34.6708498
          ],
          [
            -58.4544501,
            -34.6707723
          ]
        ]
      },
      "id": "way/1243324532"
    },
    {
      "type": "Feature",
      "properties": {
        "@id": "way/1243324533",
        "highway": "pedestrian"
      },
      "geometry": {
        "type": "LineString",
        "coordinates": [
          [
            -58.4536519,
            -34.6740443
          ],
          [
            -58.4537323,
            -34.6741025
          ],
          [
            -58.4537957,
            -34.6741373
          ],
          [
            -58.4538894,
            -34.674181
          ],
          [
            -58.4539815,
            -34.6742387
          ],
          [
            -58.4540678,
            -34.6743069
          ]
        ]
      },
      "id": "way/1243324533"
    },
    {
      "type": "Feature",
      "properties": {
        "@id": "way/1244732512",
        "highway": "service"
      },
      "geometry": {
        "type": "LineString",
        "coordinates": [
          [
            -58.4552405,
            -34.670515
          ],
          [
            -58.4552024,
            -34.6705533
          ]
        ]
      },
      "id": "way/1244732512"
    },
    {
      "type": "Feature",
      "properties": {
        "@id": "way/1244732513",
        "highway": "service"
      },
      "geometry": {
        "type": "LineString",
        "coordinates": [
          [
            -58.4553408,
            -34.6704167
          ],
          [
            -58.4552405,
            -34.670515
          ]
        ]
      },
      "id": "way/1244732513"
    },
    {
      "type": "Feature",
      "properties": {
        "@id": "way/1244732517",
        "highway": "service",
        "oneway": "yes",
        "service": "parking_aisle"
      },
      "geometry": {
        "type": "LineString",
        "coordinates": [
          [
            -58.4544626,
            -34.6697683
          ],
          [
            -58.4547686,
            -34.6699942
          ],
          [
            -58.4553408,
            -34.6704167
          ]
        ]
      },
      "id": "way/1244732517"
    },
    {
      "type": "Feature",
      "properties": {
        "@id": "way/1244732519",
        "highway": "service"
      },
      "geometry": {
        "type": "LineString",
        "coordinates": [
          [
            -58.4554061,
            -34.6707022
          ],
          [
            -58.4556195,
            -34.6706653
          ],
          [
            -58.4556538,
            -34.6706594
          ],
          [
            -58.4557429,
            -34.670649
          ]
        ]
      },
      "id": "way/1244732519"
    },
    {
      "type": "Feature",
      "properties": {
        "@id": "way/1244732522",
        "highway": "pedestrian"
      },
      "geometry": {
        "type": "LineString",
        "coordinates": [
          [
            -58.4538603,
            -34.6702421
          ],
          [
            -58.4539023,
            -34.6701922
          ],
          [
            -58.4539765,
            -34.6702409
          ]
        ]
      },
      "id": "way/1244732522"
    },
    {
      "type": "Feature",
      "properties": {
        "@id": "way/1244732523",
        "highway": "pedestrian"
      },
      "geometry": {
        "type": "LineString",
        "coordinates": [
          [
            -58.4527694,
            -34.6693219
          ],
          [
            -58.452705,
            -34.6693742
          ]
        ]
      },
      "id": "way/1244732523"
    },
    {
      "type": "Feature",
      "properties": {
        "@id": "way/1244735798",
        "highway": "service",
        "oneway": "yes"
      },
      "geometry": {
        "type": "LineString",
        "coordinates": [
          [
            -58.4552024,
            -34.6705533
          ],
          [
            -58.455304,
            -34.6706089
          ]
        ]
      },
      "id": "way/1244735798"
    },
    {
      "type": "Feature",
      "properties": {
        "@id": "way/1244735799",
        "highway": "service",
        "oneway": "yes"
      },
      "geometry": {
        "type": "LineString",
        "coordinates": [
          [
            -58.4544757,
            -34.6706352
          ],
          [
            -58.4545398,
            -34.6706705
          ]
        ]
      },
      "id": "way/1244735799"
    },
    {
      "type": "Feature",
      "properties": {
        "@id": "way/1244735800",
        "highway": "service"
      },
      "geometry": {
        "type": "LineString",
        "coordinates": [
          [
            -58.4538853,
            -34.6703181
          ],
          [
            -58.4539765,
            -34.6702409
          ]
        ]
      },
      "id": "way/1244735800"
    },
    {
      "type": "Feature",
      "properties": {
        "@id": "way/1244735801",
        "highway": "service",
        "oneway": "yes"
      },
      "geometry": {
        "type": "LineString",
        "coordinates": [
          [
            -58.4539765,
            -34.6702409
          ],
          [
            -58.4544757,
            -34.6706352
          ]
        ]
      },
      "id": "way/1244735801"
    },
    {
      "type": "Feature",
      "properties": {
        "@id": "way/1244735802",
        "highway": "service"
      },
      "geometry": {
        "type": "LineString",
        "coordinates": [
          [
            -58.4554061,
            -34.6707022
          ],
          [
            -58.4545398,
            -34.6706705
          ]
        ]
      },
      "id": "way/1244735802"
    },
    {
      "type": "Feature",
      "properties": {
        "@id": "way/1245131968",
        "highway": "service",
        "oneway": "yes"
      },
      "geometry": {
        "type": "LineString",
        "coordinates": [
          [
            -58.455304,
            -34.6706089
          ],
          [
            -58.4554061,
            -34.6707022
          ]
        ]
      },
      "id": "way/1245131968"
    },
    {
      "type": "Feature",
      "properties": {
        "@id": "way/1245131969",
        "highway": "service"
      },
      "geometry": {
        "type": "LineString",
        "coordinates": [
          [
            -58.4543547,
            -34.6698704
          ],
          [
            -58.4544626,
            -34.6697683
          ],
          [
            -58.4546127,
            -34.6696391
          ],
          [
            -58.4547391,
            -34.6695469
          ],
          [
            -58.4547678,
            -34.6695235
          ],
          [
            -58.4548131,
            -34.6694887
          ],
          [
            -58.4548654,
            -34.6694473
          ]
        ]
      },
      "id": "way/1245131969"
    },
    {
      "type": "Feature",
      "properties": {
        "@id": "way/1246950090",
        "highway": "footway"
      },
      "geometry": {
        "type": "LineString",
        "coordinates": [
          [
            -58.447502,
            -34.6701479
          ],
          [
            -58.4469135,
            -34.6699107
          ]
        ]
      },
      "id": "way/1246950090"
    },
    {
      "type": "Feature",
      "properties": {
        "@id": "way/1246950091",
        "highway": "footway"
      },
      "geometry": {
        "type": "LineString",
        "coordinates": [
          [
            -58.4516569,
            -34.6730091
          ],
          [
            -58.4516256,
            -34.6730183
          ],
          [
            -58.4514867,
            -34.6730589
          ],
          [
            -58.4512172,
            -34.6731875
          ],
          [
            -58.4511058,
            -34.6732495
          ]
        ]
      },
      "id": "way/1246950091"
    },
    {
      "type": "Feature",
      "properties": {
        "@id": "way/1246950119",
        "highway": "footway"
      },
      "geometry": {
        "type": "LineString",
        "coordinates": [
          [
            -58.4485026,
            -34.670948
          ],
          [
            -58.4483996,
            -34.6712528
          ],
          [
            -58.4482796,
            -34.6716
          ]
        ]
      },
      "id": "way/1246950119"
    },
    {
      "type": "Feature",
      "properties": {
        "@id": "way/1251254728",
        "highway": "service"
      },
      "geometry": {
        "type": "LineString",
        "coordinates": [
          [
            -55.9669297,
            -27.4005083
          ],
          [
            -55.9663001,
            -27.4011469
          ]
        ]
      },
      "id": "way/1251254728"
    },
    {
      "type": "Feature",
      "properties": {
        "@id": "way/1293271302",
        "embankment": "yes",
        "gauge": 610,
        "name": "Tren Perimetral a Vapor",
        "railway": "disused"
      },
      "geometry": {
        "type": "LineString",
        "coordinates": [
          [
            -58.4521944,
            -34.670901
          ],
          [
            -58.452732,
            -34.6713317
          ],
          [
            -58.4529398,
            -34.6714489
          ],
          [
            -58.453199,
            -34.6715295
          ],
          [
            -58.4534582,
            -34.671543
          ],
          [
            -58.4536674,
            -34.6715191
          ]
        ]
      },
      "id": "way/1293271302"
    },
    {
      "type": "Feature",
      "properties": {
        "@id": "way/1293271303",
        "embankment": "yes",
        "gauge": 610,
        "name": "Tren Perimetral a Vapor",
        "railway": "disused"
      },
      "geometry": {
        "type": "LineString",
        "coordinates": [
          [
            -58.4512962,
            -34.66978
          ],
          [
            -58.4513149,
            -34.669926
          ],
          [
            -58.4513662,
            -34.6700796
          ],
          [
            -58.4514462,
            -34.6701947
          ]
        ]
      },
      "id": "way/1293271303"
    },
    {
      "type": "Feature",
      "properties": {
        "@id": "way/1293271305",
        "bridge": "yes",
        "highway": "pedestrian",
        "layer": 1
      },
      "geometry": {
        "type": "LineString",
        "coordinates": [
          [
            -58.4536898,
            -34.6735464
          ],
          [
            -58.4534017,
            -34.6734595
          ]
        ]
      },
      "id": "way/1293271305"
    },
    {
      "type": "Feature",
      "properties": {
        "@id": "way/1293271306",
        "highway": "pedestrian"
      },
      "geometry": {
        "type": "LineString",
        "coordinates": [
          [
            -58.4536898,
            -34.6735464
          ],
          [
            -58.4537802,
            -34.6735713
          ]
        ]
      },
      "id": "way/1293271306"
    },
    {
      "type": "Feature",
      "properties": {
        "@id": "way/1293271307",
        "highway": "footway",
        "name": "Mariposario"
      },
      "geometry": {
        "type": "LineString",
        "coordinates": [
          [
            -58.4527434,
            -34.6737705
          ],
          [
            -58.4526941,
            -34.6738756
          ],
          [
            -58.4527234,
            -34.6738863
          ],
          [
            -58.4527472,
            -34.6739155
          ],
          [
            -58.4527411,
            -34.6739529
          ],
          [
            -58.4526918,
            -34.6740624
          ],
          [
            -58.4526625,
            -34.6740878
          ],
          [
            -58.452624,
            -34.6740998
          ],
          [
            -58.4525786,
            -34.6741011
          ],
          [
            -58.4525285,
            -34.674089
          ],
          [
            -58.4524869,
            -34.6740675
          ],
          [
            -58.4524761,
            -34.6740371
          ],
          [
            -58.4524892,
            -34.6740054
          ],
          [
            -58.4525169,
            -34.6739864
          ],
          [
            -58.452557,
            -34.6739858
          ],
          [
            -58.4526194,
            -34.6740061
          ],
          [
            -58.4526571,
            -34.6740054
          ],
          [
            -58.4526918,
            -34.6739902
          ],
          [
            -58.4527018,
            -34.6739636
          ],
          [
            -58.4526895,
            -34.673937
          ],
          [
            -58.4526525,
            -34.6739193
          ],
          [
            -58.4526094,
            -34.6739262
          ],
          [
            -58.4525801,
            -34.673944
          ],
          [
            -58.4525454,
            -34.6739395
          ],
          [
            -58.4525216,
            -34.6739218
          ],
          [
            -58.4525123,
            -34.673892
          ],
          [
            -58.4525246,
            -34.6738623
          ],
          [
            -58.452557,
            -34.6738439
          ],
          [
            -58.4526024,
            -34.6738452
          ],
          [
            -58.4526941,
            -34.6738756
          ]
        ]
      },
      "id": "way/1293271307"
    },
    {
      "type": "Feature",
      "properties": {
        "@id": "way/1293271309",
        "highway": "footway"
      },
      "geometry": {
        "type": "LineString",
        "coordinates": [
          [
            -58.4530889,
            -34.6738634
          ],
          [
            -58.4531437,
            -34.6737078
          ],
          [
            -58.45308,
            -34.6736875
          ],
          [
            -58.4529738,
            -34.6736802
          ],
          [
            -58.4528682,
            -34.673804
          ]
        ]
      },
      "id": "way/1293271309"
    },
    {
      "type": "Feature",
      "properties": {
        "@id": "way/1293271310",
        "highway": "footway"
      },
      "geometry": {
        "type": "LineString",
        "coordinates": [
          [
            -58.4535634,
            -34.6740354
          ],
          [
            -58.453501,
            -34.6741677
          ],
          [
            -58.4533616,
            -34.6743508
          ],
          [
            -58.4533026,
            -34.6743199
          ]
        ]
      },
      "id": "way/1293271310"
    },
    {
      "type": "Feature",
      "properties": {
        "@id": "way/1293271312",
        "highway": "footway"
      },
      "geometry": {
        "type": "LineString",
        "coordinates": [
          [
            -58.4538869,
            -34.6720457
          ],
          [
            -58.4538303,
            -34.6719037
          ]
        ]
      },
      "id": "way/1293271312"
    },
    {
      "type": "Feature",
      "properties": {
        "@id": "way/1293271315",
        "highway": "footway"
      },
      "geometry": {
        "type": "LineString",
        "coordinates": [
          [
            -58.4514556,
            -34.6749043
          ],
          [
            -58.4513925,
            -34.675018
          ]
        ]
      },
      "id": "way/1293271315"
    },
    {
      "type": "Feature",
      "properties": {
        "@id": "way/1293305105",
        "highway": "footway"
      },
      "geometry": {
        "type": "LineString",
        "coordinates": [
          [
            -58.4506077,
            -34.67039
          ],
          [
            -58.4504956,
            -34.6705436
          ]
        ]
      },
      "id": "way/1293305105"
    },
    {
      "type": "Feature",
      "properties": {
        "@id": "way/1293305111",
        "highway": "steps"
      },
      "geometry": {
        "type": "LineString",
        "coordinates": [
          [
            -58.4497264,
            -34.6688033
          ],
          [
            -58.4496239,
            -34.6689237
          ]
        ]
      },
      "id": "way/1293305111"
    },
    {
      "type": "Feature",
      "properties": {
        "@id": "way/1293305112",
        "highway": "footway"
      },
      "geometry": {
        "type": "LineString",
        "coordinates": [
          [
            -58.4496239,
            -34.6689237
          ],
          [
            -58.4495595,
            -34.668999
          ],
          [
            -58.4495431,
            -34.6690213
          ]
        ]
      },
      "id": "way/1293305112"
    },
    {
      "type": "Feature",
      "properties": {
        "@id": "way/1293305113",
        "bridge": "yes",
        "disused:roller_coaster": "track",
        "motor_vehicle": "no",
        "name": "Hidrovértigo",
        "route": "ferry"
      },
      "geometry": {
        "type": "LineString",
        "coordinates": [
          [
            -58.449712,
            -34.6686282
          ],
          [
            -58.4497322,
            -34.6686061
          ],
          [
            -58.4497442,
            -34.6685763
          ],
          [
            -58.4497362,
            -34.6685476
          ],
          [
            -58.4496557,
            -34.668455
          ],
          [
            -58.4496235,
            -34.6684318
          ],
          [
            -58.4495887,
            -34.6684186
          ],
          [
            -58.449535,
            -34.6684164
          ],
          [
            -58.4494706,
            -34.6684098
          ],
          [
            -58.4494291,
            -34.6683998
          ],
          [
            -58.4493955,
            -34.668402
          ],
          [
            -58.449366,
            -34.6684142
          ],
          [
            -58.4493164,
            -34.6684451
          ],
          [
            -58.4492802,
            -34.6684517
          ],
          [
            -58.4492494,
            -34.6684428
          ],
          [
            -58.4491501,
            -34.6683601
          ],
          [
            -58.4491099,
            -34.6683458
          ],
          [
            -58.4490723,
            -34.6683392
          ],
          [
            -58.4490388,
            -34.6683215
          ],
          [
            -58.4490214,
            -34.6682906
          ],
          [
            -58.449012,
            -34.6681318
          ],
          [
            -58.4490321,
            -34.6680998
          ],
          [
            -58.4490777,
            -34.66808
          ],
          [
            -58.4491086,
            -34.6680767
          ]
        ]
      },
      "id": "way/1293305113"
    },
    {
      "type": "Feature",
      "properties": {
        "@id": "way/1293305114",
        "bridge": "yes",
        "disused:roller_coaster": "track",
        "motor_vehicle": "no",
        "name": "Hidrovértigo",
        "route": "ferry"
      },
      "geometry": {
        "type": "LineString",
        "coordinates": [
          [
            -58.4491086,
            -34.6680767
          ],
          [
            -58.4491897,
            -34.6680861
          ],
          [
            -58.4497034,
            -34.6680784
          ],
          [
            -58.4497959,
            -34.6680684
          ]
        ]
      },
      "id": "way/1293305114"
    },
    {
      "type": "Feature",
      "properties": {
        "@id": "way/1293305115",
        "bridge": "yes",
        "disused:roller_coaster": "track",
        "motor_vehicle": "no",
        "name": "Hidrovértigo",
        "route": "ferry"
      },
      "geometry": {
        "type": "LineString",
        "coordinates": [
          [
            -58.4491086,
            -34.6680767
          ],
          [
            -58.449183,
            -34.668064
          ],
          [
            -58.4497061,
            -34.6680552
          ],
          [
            -58.4497959,
            -34.6680684
          ]
        ]
      },
      "id": "way/1293305115"
    },
    {
      "type": "Feature",
      "properties": {
        "@id": "way/1293305116",
        "bridge": "yes",
        "disused:roller_coaster": "track",
        "motor_vehicle": "no",
        "name": "Hidrovértigo",
        "route": "ferry"
      },
      "geometry": {
        "type": "LineString",
        "coordinates": [
          [
            -58.4497959,
            -34.6680684
          ],
          [
            -58.4498704,
            -34.6680704
          ],
          [
            -58.4498996,
            -34.6680829
          ],
          [
            -58.4499101,
            -34.668105
          ],
          [
            -58.4499054,
            -34.668128
          ],
          [
            -58.4498587,
            -34.6681722
          ],
          [
            -58.4498307,
            -34.6681818
          ],
          [
            -58.4497992,
            -34.6681924
          ],
          [
            -58.4497793,
            -34.6682116
          ],
          [
            -58.4497805,
            -34.6682423
          ],
          [
            -58.4498003,
            -34.6682644
          ],
          [
            -58.4498272,
            -34.6682711
          ],
          [
            -58.4498564,
            -34.6682625
          ],
          [
            -58.4498715,
            -34.6682404
          ],
          [
            -58.4498879,
            -34.6682029
          ],
          [
            -58.4499089,
            -34.6681818
          ],
          [
            -58.4499603,
            -34.6681328
          ],
          [
            -58.4499755,
            -34.6681059
          ],
          [
            -58.449979,
            -34.6680858
          ],
          [
            -58.4500011,
            -34.6680646
          ],
          [
            -58.4500525,
            -34.6680541
          ],
          [
            -58.4500852,
            -34.6680349
          ],
          [
            -58.4503444,
            -34.6677864
          ],
          [
            -58.4503759,
            -34.6677739
          ],
          [
            -58.4504436,
            -34.6677739
          ],
          [
            -58.4504833,
            -34.6677825
          ],
          [
            -58.4505417,
            -34.6678094
          ],
          [
            -58.450565,
            -34.6678315
          ],
          [
            -58.4505896,
            -34.6678766
          ],
          [
            -58.4505942,
            -34.6679083
          ],
          [
            -58.4505907,
            -34.6679477
          ],
          [
            -58.4505826,
            -34.6679736
          ],
          [
            -58.450572,
            -34.6679976
          ],
          [
            -58.4505545,
            -34.6680216
          ]
        ]
      },
      "id": "way/1293305116"
    },
    {
      "type": "Feature",
      "properties": {
        "@id": "way/1293305117",
        "bridge": "yes",
        "disused:roller_coaster": "track",
        "motor_vehicle": "no",
        "name": "Hidrovértigo",
        "route": "ferry"
      },
      "geometry": {
        "type": "LineString",
        "coordinates": [
          [
            -58.4505545,
            -34.6680216
          ],
          [
            -58.4504874,
            -34.668068
          ],
          [
            -58.4500286,
            -34.668479
          ],
          [
            -58.4499819,
            -34.6685366
          ]
        ]
      },
      "id": "way/1293305117"
    },
    {
      "type": "Feature",
      "properties": {
        "@id": "way/1293305118",
        "bridge": "yes",
        "disused:roller_coaster": "track",
        "motor_vehicle": "no",
        "name": "Hidrovértigo",
        "route": "ferry"
      },
      "geometry": {
        "type": "LineString",
        "coordinates": [
          [
            -58.4505545,
            -34.6680216
          ],
          [
            -58.4505061,
            -34.6680805
          ],
          [
            -58.4500542,
            -34.6684888
          ],
          [
            -58.4499819,
            -34.6685366
          ]
        ]
      },
      "id": "way/1293305118"
    },
    {
      "type": "Feature",
      "properties": {
        "@id": "way/1293305119",
        "bridge": "yes",
        "disused:roller_coaster": "track",
        "motor_vehicle": "no",
        "name": "Hidrovértigo",
        "route": "ferry"
      },
      "geometry": {
        "type": "LineString",
        "coordinates": [
          [
            -58.4499819,
            -34.6685366
          ],
          [
            -58.4499528,
            -34.6685541
          ],
          [
            -58.449926,
            -34.6685569
          ],
          [
            -58.4498991,
            -34.6685519
          ],
          [
            -58.4498676,
            -34.6685393
          ],
          [
            -58.4498441,
            -34.6685371
          ],
          [
            -58.44982,
            -34.6685464
          ],
          [
            -58.4498083,
            -34.6685654
          ],
          [
            -58.449809,
            -34.6685944
          ],
          [
            -58.4498315,
            -34.6686223
          ]
        ]
      },
      "id": "way/1293305119"
    },
    {
      "type": "Feature",
      "properties": {
        "@id": "way/1293305120",
        "disused:roller_coaster": "track",
        "layer": -1,
        "motor_vehicle": "no",
        "name": "Hidrovértigo",
        "roller_coaster:track": "station",
        "route": "ferry"
      },
      "geometry": {
        "type": "LineString",
        "coordinates": [
          [
            -58.4498315,
            -34.6686223
          ],
          [
            -58.4498647,
            -34.668655
          ],
          [
            -58.4498773,
            -34.6687028
          ],
          [
            -58.4498591,
            -34.6687455
          ],
          [
            -58.4498196,
            -34.6687753
          ],
          [
            -58.4497746,
            -34.6687866
          ],
          [
            -58.4497254,
            -34.6687749
          ],
          [
            -58.4496831,
            -34.6687405
          ],
          [
            -58.4496682,
            -34.6687005
          ],
          [
            -58.4496794,
            -34.6686605
          ],
          [
            -58.449712,
            -34.6686282
          ]
        ]
      },
      "id": "way/1293305120"
    },
    {
      "type": "Feature",
      "properties": {
        "@id": "way/1293305122",
        "highway": "footway",
        "name": "Mariposario"
      },
      "geometry": {
        "type": "LineString",
        "coordinates": [
          [
            -58.4493663,
            -34.6690785
          ],
          [
            -58.4493493,
            -34.6690951
          ],
          [
            -58.4494165,
            -34.6691403
          ],
          [
            -58.4494289,
            -34.6691679
          ],
          [
            -58.4494201,
            -34.6691985
          ],
          [
            -58.4493192,
            -34.6692974
          ],
          [
            -58.4492944,
            -34.6693062
          ],
          [
            -58.4492608,
            -34.6693062
          ],
          [
            -58.4491829,
            -34.6692567
          ],
          [
            -58.4491688,
            -34.6692319
          ],
          [
            -58.4491759,
            -34.6692072
          ],
          [
            -58.4492024,
            -34.6691897
          ],
          [
            -58.4492413,
            -34.6691897
          ],
          [
            -58.4492767,
            -34.6692057
          ],
          [
            -58.4493157,
            -34.6692188
          ],
          [
            -58.4493528,
            -34.6692116
          ],
          [
            -58.4493723,
            -34.6691854
          ],
          [
            -58.4493687,
            -34.6691577
          ],
          [
            -58.4493457,
            -34.6691432
          ],
          [
            -58.4493121,
            -34.6691344
          ],
          [
            -58.4492944,
            -34.6691111
          ],
          [
            -58.4492697,
            -34.6690937
          ],
          [
            -58.4492325,
            -34.669098
          ],
          [
            -58.4491157,
            -34.6692203
          ],
          [
            -58.4491122,
            -34.6692523
          ],
          [
            -58.4491352,
            -34.66928
          ],
          [
            -58.4491776,
            -34.6693033
          ],
          [
            -58.4491953,
            -34.669328
          ],
          [
            -58.4491882,
            -34.6693571
          ],
          [
            -58.4491564,
            -34.669376
          ],
          [
            -58.4491122,
            -34.6693731
          ],
          [
            -58.449029,
            -34.6693236
          ],
          [
            -58.4490131,
            -34.6692916
          ],
          [
            -58.4490201,
            -34.6692596
          ],
          [
            -58.4491865,
            -34.6690879
          ],
          [
            -58.4492254,
            -34.669066
          ],
          [
            -58.4492626,
            -34.6690588
          ],
          [
            -58.4493015,
            -34.669066
          ],
          [
            -58.4493493,
            -34.6690951
          ]
        ]
      },
      "id": "way/1293305122"
    },
    {
      "type": "Feature",
      "properties": {
        "@id": "way/1293305123",
        "abandoned:railway": "platform",
        "train": "yes"
      },
      "geometry": {
        "type": "LineString",
        "coordinates": [
          [
            -58.451409,
            -34.6691679
          ],
          [
            -58.4513447,
            -34.6691536
          ],
          [
            -58.4513254,
            -34.6692146
          ],
          [
            -58.4513098,
            -34.6692639
          ],
          [
            -58.4513822,
            -34.6692804
          ],
          [
            -58.4513661,
            -34.6693289
          ],
          [
            -58.4513903,
            -34.6693355
          ],
          [
            -58.4514519,
            -34.6691205
          ],
          [
            -58.4514238,
            -34.6691149
          ],
          [
            -58.451409,
            -34.6691679
          ]
        ]
      },
      "id": "way/1293305123"
    },
    {
      "type": "Feature",
      "properties": {
        "@id": "way/1293305124",
        "highway": "footway"
      },
      "geometry": {
        "type": "LineString",
        "coordinates": [
          [
            -58.4513254,
            -34.6692146
          ],
          [
            -58.4509239,
            -34.6691182
          ]
        ]
      },
      "id": "way/1293305124"
    },
    {
      "type": "Feature",
      "properties": {
        "@id": "way/1293305125",
        "highway": "path",
        "surface": "unpaved"
      },
      "geometry": {
        "type": "LineString",
        "coordinates": [
          [
            -58.4504411,
            -34.6699035
          ],
          [
            -58.4503094,
            -34.6698388
          ],
          [
            -58.4502525,
            -34.6698773
          ],
          [
            -58.4501691,
            -34.6698974
          ],
          [
            -58.4499252,
            -34.6698589
          ],
          [
            -58.4498764,
            -34.6698238
          ],
          [
            -58.4498866,
            -34.669777
          ],
          [
            -58.4499435,
            -34.6697469
          ],
          [
            -58.4500411,
            -34.6697469
          ],
          [
            -58.4501163,
            -34.6697201
          ],
          [
            -58.4501732,
            -34.669675
          ],
          [
            -58.4502504,
            -34.6696466
          ],
          [
            -58.4503378,
            -34.6696683
          ],
          [
            -58.4503602,
            -34.6697252
          ],
          [
            -58.450348,
            -34.6697853
          ],
          [
            -58.4503094,
            -34.6698388
          ]
        ]
      },
      "id": "way/1293305125"
    },
    {
      "type": "Feature",
      "properties": {
        "@id": "way/1293698571"
      },
      "geometry": {
        "type": "LineString",
        "coordinates": [
          [
            -58.4535563,
            -34.6728966
          ],
          [
            -58.4535448,
            -34.6729132
          ],
          [
            -58.4535274,
            -34.6729258
          ],
          [
            -58.4535059,
            -34.6729332
          ],
          [
            -58.4534828,
            -34.6729344
          ],
          [
            -58.4534603,
            -34.6729295
          ],
          [
            -58.4534408,
            -34.6729186
          ],
          [
            -58.4534267,
            -34.6729031
          ],
          [
            -58.4534195,
            -34.6728847
          ],
          [
            -58.45342,
            -34.6728654
          ],
          [
            -58.4534282,
            -34.6728472
          ],
          [
            -58.4534432,
            -34.6728322
          ],
          [
            -58.4534632,
            -34.6728221
          ],
          [
            -58.4534863,
            -34.672818
          ],
          [
            -58.4535096,
            -34.6728202
          ],
          [
            -58.4535306,
            -34.6728285
          ],
          [
            -58.4535471,
            -34.6728419
          ],
          [
            -58.4535576,
            -34.672859
          ],
          [
            -58.4535607,
            -34.6728779
          ],
          [
            -58.4535563,
            -34.6728966
          ]
        ]
      },
      "id": "way/1293698571"
    },
    {
      "type": "Feature",
      "properties": {
        "@id": "way/1293698574",
        "highway": "footway"
      },
      "geometry": {
        "type": "LineString",
        "coordinates": [
          [
            -58.4516256,
            -34.6730183
          ],
          [
            -58.4515306,
            -34.6732989
          ]
        ]
      },
      "id": "way/1293698574"
    },
    {
      "type": "Feature",
      "properties": {
        "@id": "way/1293698575",
        "highway": "footway"
      },
      "geometry": {
        "type": "LineString",
        "coordinates": [
          [
            -58.4516472,
            -34.6734883
          ],
          [
            -58.4517674,
            -34.6735351
          ],
          [
            -58.451962,
            -34.6734648
          ]
        ]
      },
      "id": "way/1293698575"
    },
    {
      "type": "Feature",
      "properties": {
        "@id": "way/1293698576",
        "highway": "footway"
      },
      "geometry": {
        "type": "LineString",
        "coordinates": [
          [
            -58.4516663,
            -34.6733651
          ],
          [
            -58.4518318,
            -34.673291
          ]
        ]
      },
      "id": "way/1293698576"
    },
    {
      "type": "Feature",
      "properties": {
        "@id": "way/1295552409",
        "bridge": "yes",
        "highway": "footway",
        "layer": 1
      },
      "geometry": {
        "type": "LineString",
        "coordinates": [
          [
            -58.4510043,
            -34.6736052
          ],
          [
            -58.4508538,
            -34.673667
          ]
        ]
      },
      "id": "way/1295552409"
    },
    {
      "type": "Feature",
      "properties": {
        "@id": "way/1295552410",
        "bridge": "yes",
        "highway": "footway",
        "layer": 1
      },
      "geometry": {
        "type": "LineString",
        "coordinates": [
          [
            -58.4511224,
            -34.6737927
          ],
          [
            -58.4509646,
            -34.6738586
          ]
        ]
      },
      "id": "way/1295552410"
    },
    {
      "type": "Feature",
      "properties": {
        "@id": "way/1295552411",
        "bridge": "yes",
        "highway": "footway",
        "layer": 1
      },
      "geometry": {
        "type": "LineString",
        "coordinates": [
          [
            -58.4511224,
            -34.6737927
          ],
          [
            -58.4511147,
            -34.6737804
          ]
        ]
      },
      "id": "way/1295552411"
    },
    {
      "type": "Feature",
      "properties": {
        "@id": "way/1295552412",
        "bridge": "yes",
        "highway": "footway",
        "layer": 1
      },
      "geometry": {
        "type": "LineString",
        "coordinates": [
          [
            -58.4510043,
            -34.6736052
          ],
          [
            -58.4509628,
            -34.6735368
          ]
        ]
      },
      "id": "way/1295552412"
    },
    {
      "type": "Feature",
      "properties": {
        "@id": "way/1295552413",
        "bridge": "yes",
        "highway": "footway",
        "layer": 1
      },
      "geometry": {
        "type": "LineString",
        "coordinates": [
          [
            -58.4511224,
            -34.6737927
          ],
          [
            -58.4511653,
            -34.6738622
          ]
        ]
      },
      "id": "way/1295552413"
    },
    {
      "type": "Feature",
      "properties": {
        "@id": "way/1295552430",
        "highway": "footway"
      },
      "geometry": {
        "type": "LineString",
        "coordinates": [
          [
            -58.4478138,
            -34.6722611
          ],
          [
            -58.4472628,
            -34.6724943
          ]
        ]
      },
      "id": "way/1295552430"
    },
    {
      "type": "Feature",
      "properties": {
        "@id": "way/1295853520",
        "covered": "yes",
        "highway": "footway",
        "name": "Mariposario"
      },
      "geometry": {
        "type": "LineString",
        "coordinates": [
          [
            -58.449438,
            -34.6690085
          ],
          [
            -58.4493663,
            -34.6690785
          ]
        ]
      },
      "id": "way/1295853520"
    },
    {
      "type": "Feature",
      "properties": {
        "@id": "way/1295853521",
        "highway": "footway",
        "name": "Mariposario"
      },
      "geometry": {
        "type": "LineString",
        "coordinates": [
          [
            -58.449461,
            -34.668986
          ],
          [
            -58.449438,
            -34.6690085
          ]
        ]
      },
      "id": "way/1295853521"
    },
    {
      "type": "Feature",
      "properties": {
        "@id": "way/1297586875",
        "highway": "service",
        "service": "driveway"
      },
      "geometry": {
        "type": "LineString",
        "coordinates": [
          [
            -58.4484714,
            -34.6766216
          ],
          [
            -58.4485574,
            -34.6765832
          ],
          [
            -58.4486001,
            -34.6765642
          ],
          [
            -58.4487369,
            -34.6765033
          ]
        ]
      },
      "id": "way/1297586875"
    },
    {
      "type": "Feature",
      "properties": {
        "@id": "way/1297586876",
        "highway": "service",
        "oneway": "no",
        "service": "parking_aisle"
      },
      "geometry": {
        "type": "LineString",
        "coordinates": [
          [
            -58.4488418,
            -34.6766652
          ],
          [
            -58.4487641,
            -34.676545
          ],
          [
            -58.4487369,
            -34.6765033
          ],
          [
            -58.4486913,
            -34.6764333
          ],
          [
            -58.4486282,
            -34.6763364
          ],
          [
            -58.448557,
            -34.676227
          ],
          [
            -58.4484925,
            -34.6761279
          ],
          [
            -58.448424,
            -34.6760226
          ],
          [
            -58.4483439,
            -34.6758994
          ],
          [
            -58.4482644,
            -34.6757779
          ],
          [
            -58.4481902,
            -34.6756666
          ],
          [
            -58.4481181,
            -34.6755555
          ],
          [
            -58.4480524,
            -34.6754541
          ],
          [
            -58.4479913,
            -34.6753598
          ],
          [
            -58.4479292,
            -34.675264
          ],
          [
            -58.4478665,
            -34.6751674
          ],
          [
            -58.4478089,
            -34.6750785
          ],
          [
            -58.4477593,
            -34.675002
          ],
          [
            -58.4476347,
            -34.6748099
          ],
          [
            -58.4477958,
            -34.6743297
          ]
        ]
      },
      "id": "way/1297586876"
    },
    {
      "type": "Feature",
      "properties": {
        "@id": "way/1297586877",
        "highway": "service",
        "oneway": "no",
        "service": "parking_aisle"
      },
      "geometry": {
        "type": "LineString",
        "coordinates": [
          [
            -58.4477958,
            -34.6743297
          ],
          [
            -58.4483511,
            -34.674596
          ],
          [
            -58.4484442,
            -34.6746418
          ],
          [
            -58.4485454,
            -34.6746905
          ],
          [
            -58.4486667,
            -34.6747489
          ],
          [
            -58.4487781,
            -34.6748025
          ],
          [
            -58.4488882,
            -34.6748555
          ],
          [
            -58.4490067,
            -34.6749126
          ],
          [
            -58.44914,
            -34.6749767
          ],
          [
            -58.4492689,
            -34.6750388
          ],
          [
            -58.4493968,
            -34.6751003
          ],
          [
            -58.4495373,
            -34.675168
          ],
          [
            -58.4496524,
            -34.6752234
          ],
          [
            -58.4497718,
            -34.6752809
          ],
          [
            -58.4499002,
            -34.6753424
          ],
          [
            -58.4500161,
            -34.6753976
          ],
          [
            -58.4501462,
            -34.6754601
          ],
          [
            -58.4502785,
            -34.6755238
          ]
        ]
      },
      "id": "way/1297586877"
    },
    {
      "type": "Feature",
      "properties": {
        "@id": "way/1297586878",
        "highway": "service",
        "service": "parking_aisle"
      },
      "geometry": {
        "type": "LineString",
        "coordinates": [
          [
            -58.4502785,
            -34.6755238
          ],
          [
            -58.4502214,
            -34.6755946
          ],
          [
            -58.4488418,
            -34.6766652
          ]
        ]
      },
      "id": "way/1297586878"
    },
    {
      "type": "Feature",
      "properties": {
        "@id": "way/1310760390",
        "highway": "footway"
      },
      "geometry": {
        "type": "LineString",
        "coordinates": [
          [
            -58.4540095,
            -34.6693822
          ],
          [
            -58.4540908,
            -34.669438
          ],
          [
            -58.4541123,
            -34.6694479
          ],
          [
            -58.4541351,
            -34.6694435
          ],
          [
            -58.4541431,
            -34.6694281
          ],
          [
            -58.4541337,
            -34.669406
          ],
          [
            -58.4539638,
            -34.6692702
          ],
          [
            -58.45387,
            -34.6691987
          ]
        ]
      },
      "id": "way/1310760390"
    },
    {
      "type": "Feature",
      "properties": {
        "@id": "way/1310760391",
        "highway": "footway"
      },
      "geometry": {
        "type": "LineString",
        "coordinates": [
          [
            -58.4538243,
            -34.6692363
          ],
          [
            -58.45387,
            -34.6691987
          ],
          [
            -58.4537614,
            -34.6691137
          ],
          [
            -58.4538038,
            -34.6690752
          ],
          [
            -58.454003,
            -34.6692352
          ]
        ]
      },
      "id": "way/1310760391"
    },
    {
      "type": "Feature",
      "properties": {
        "@id": "way/1310760392",
        "highway": "steps"
      },
      "geometry": {
        "type": "LineString",
        "coordinates": [
          [
            -58.4539183,
            -34.6693103
          ],
          [
            -58.4539471,
            -34.669285
          ]
        ]
      },
      "id": "way/1310760392"
    },
    {
      "type": "Feature",
      "properties": {
        "@id": "way/1310760393",
        "highway": "footway"
      },
      "geometry": {
        "type": "LineString",
        "coordinates": [
          [
            -58.4539471,
            -34.669285
          ],
          [
            -58.4539638,
            -34.6692702
          ],
          [
            -58.454003,
            -34.6692352
          ],
          [
            -58.4540534,
            -34.6691901
          ],
          [
            -58.4540891,
            -34.6691583
          ],
          [
            -58.4541338,
            -34.6691184
          ]
        ]
      },
      "id": "way/1310760393"
    },
    {
      "type": "Feature",
      "properties": {
        "@id": "way/1310760394",
        "highway": "steps"
      },
      "geometry": {
        "type": "LineString",
        "coordinates": [
          [
            -58.4541338,
            -34.6691184
          ],
          [
            -58.4541904,
            -34.6690674
          ]
        ]
      },
      "id": "way/1310760394"
    },
    {
      "type": "Feature",
      "properties": {
        "@id": "way/1310760395",
        "highway": "footway"
      },
      "geometry": {
        "type": "LineString",
        "coordinates": [
          [
            -58.4540534,
            -34.6691901
          ],
          [
            -58.454275,
            -34.6693768
          ],
          [
            -58.4543201,
            -34.669339
          ],
          [
            -58.4541839,
            -34.6692262
          ],
          [
            -58.4542626,
            -34.6691621
          ],
          [
            -58.4542662,
            -34.6691374
          ],
          [
            -58.4541904,
            -34.6690674
          ]
        ]
      },
      "id": "way/1310760395"
    },
    {
      "type": "Feature",
      "properties": {
        "@id": "way/1310760396",
        "highway": "footway"
      },
      "geometry": {
        "type": "LineString",
        "coordinates": [
          [
            -58.4540891,
            -34.6691583
          ],
          [
            -58.4538379,
            -34.6689664
          ],
          [
            -58.4538273,
            -34.6689475
          ],
          [
            -58.4538326,
            -34.6689271
          ],
          [
            -58.4538485,
            -34.6689199
          ],
          [
            -58.4538733,
            -34.6689228
          ],
          [
            -58.4540202,
            -34.6690421
          ],
          [
            -58.454091,
            -34.6689853
          ],
          [
            -58.4541904,
            -34.6690674
          ]
        ]
      },
      "id": "way/1310760396"
    },
    {
      "type": "Feature",
      "properties": {
        "@id": "way/1310760397",
        "highway": "footway"
      },
      "geometry": {
        "type": "LineString",
        "coordinates": [
          [
            -58.4534046,
            -34.6695716
          ],
          [
            -58.4536101,
            -34.669731
          ]
        ]
      },
      "id": "way/1310760397"
    },
    {
      "type": "Feature",
      "properties": {
        "@id": "way/1320811059",
        "highway": "service"
      },
      "geometry": {
        "type": "LineString",
        "coordinates": [
          [
            -58.4557429,
            -34.670649
          ],
          [
            -58.4557593,
            -34.6706897
          ],
          [
            -58.4557749,
            -34.6707284
          ]
        ]
      },
      "id": "way/1320811059"
    },
    {
      "type": "Feature",
      "properties": {
        "@id": "way/1323965723",
        "bridge": "yes",
        "highway": "footway",
        "layer": 1
      },
      "geometry": {
        "type": "LineString",
        "coordinates": [
          [
            -58.4510145,
            -34.6736214
          ],
          [
            -58.4510043,
            -34.6736052
          ]
        ]
      },
      "id": "way/1323965723"
    },
    {
      "type": "Feature",
      "properties": {
        "@id": "way/1323965724",
        "highway": "footway"
      },
      "geometry": {
        "type": "LineString",
        "coordinates": [
          [
            -58.4511147,
            -34.6737804
          ],
          [
            -58.4510145,
            -34.6736214
          ]
        ]
      },
      "id": "way/1323965724"
    },
    {
      "type": "Feature",
      "properties": {
        "@id": "way/1323965980",
        "highway": "footway"
      },
      "geometry": {
        "type": "LineString",
        "coordinates": [
          [
            -58.4508538,
            -34.673667
          ],
          [
            -58.4508398,
            -34.6736728
          ]
        ]
      },
      "id": "way/1323965980"
    },
    {
      "type": "Feature",
      "properties": {
        "@id": "way/1323965981",
        "highway": "footway"
      },
      "geometry": {
        "type": "LineString",
        "coordinates": [
          [
            -58.4509646,
            -34.6738586
          ],
          [
            -58.4509536,
            -34.6738632
          ]
        ]
      },
      "id": "way/1323965981"
    },
    {
      "type": "Feature",
      "properties": {
        "@id": "way/1324404326",
        "covered": "yes",
        "highway": "footway"
      },
      "geometry": {
        "type": "LineString",
        "coordinates": [
          [
            -58.4542012,
            -34.6690593
          ],
          [
            -58.4541904,
            -34.6690674
          ]
        ]
      },
      "id": "way/1324404326"
    },
    {
      "type": "Feature",
      "properties": {
        "@id": "way/1333007280",
        "foot": "no",
        "highway": "unclassified"
      },
      "geometry": {
        "type": "LineString",
        "coordinates": [
          [
            -66.8923612,
            -29.4395057
          ],
          [
            -66.8922088,
            -29.4395169
          ]
        ]
      },
      "id": "way/1333007280"
    },
    {
      "type": "Feature",
      "properties": {
        "@id": "way/1333007281",
        "foot": "no",
        "highway": "unclassified"
      },
      "geometry": {
        "type": "LineString",
        "coordinates": [
          [
            -66.8921381,
            -29.4376049
          ],
          [
            -66.8920291,
            -29.4376122
          ]
        ]
      },
      "id": "way/1333007281"
    },
    {
      "type": "Feature",
      "properties": {
        "@id": "way/1333007283",
        "foot": "no",
        "highway": "tertiary",
        "oneway": "yes",
        "surface": "asphalt"
      },
      "geometry": {
        "type": "LineString",
        "coordinates": [
          [
            -66.8924051,
            -29.4415956
          ],
          [
            -66.8925472,
            -29.4415956
          ]
        ]
      },
      "id": "way/1333007283"
    },
    {
      "type": "Feature",
      "properties": {
        "@id": "way/1333007284",
        "foot": "no",
        "highway": "tertiary",
        "oneway": "yes",
        "surface": "asphalt"
      },
      "geometry": {
        "type": "LineString",
        "coordinates": [
          [
            -66.8925552,
            -29.441714
          ],
          [
            -66.8924169,
            -29.4417207
          ],
          [
            -66.8922902,
            -29.4417178
          ]
        ]
      },
      "id": "way/1333007284"
    },
    {
      "type": "Feature",
      "properties": {
        "@id": "way/1333007293",
        "highway": "footway"
      },
      "geometry": {
        "type": "LineString",
        "coordinates": [
          [
            -66.8929987,
            -29.4444293
          ],
          [
            -66.8929879,
            -29.4445507
          ],
          [
            -66.893004,
            -29.4446219
          ],
          [
            -66.8930282,
            -29.4446452
          ],
          [
            -66.8930276,
            -29.4446785
          ]
        ]
      },
      "id": "way/1333007293"
    },
    {
      "type": "Feature",
      "properties": {
        "@id": "way/1333007301",
        "footway": "crossing",
        "highway": "footway"
      },
      "geometry": {
        "type": "LineString",
        "coordinates": [
          [
            -66.8925552,
            -29.441714
          ],
          [
            -66.8925472,
            -29.4415956
          ]
        ]
      },
      "id": "way/1333007301"
    },
    {
      "type": "Feature",
      "properties": {
        "@id": "way/1333007302",
        "highway": "footway"
      },
      "geometry": {
        "type": "LineString",
        "coordinates": [
          [
            -66.8931737,
            -29.4444419
          ],
          [
            -66.8929987,
            -29.4444293
          ],
          [
            -66.8928794,
            -29.4443678
          ],
          [
            -66.8928202,
            -29.4442723
          ],
          [
            -66.892795,
            -29.444053
          ],
          [
            -66.8927707,
            -29.4438128
          ],
          [
            -66.8926792,
            -29.4432158
          ],
          [
            -66.8925626,
            -29.4418035
          ],
          [
            -66.8925552,
            -29.441714
          ]
        ]
      },
      "id": "way/1333007302"
    },
    {
      "type": "Feature",
      "properties": {
        "@id": "way/1333007304",
        "highway": "footway"
      },
      "geometry": {
        "type": "LineString",
        "coordinates": [
          [
            -66.8925626,
            -29.4418035
          ],
          [
            -66.8924254,
            -29.4418078
          ]
        ]
      },
      "id": "way/1333007304"
    },
    {
      "type": "Feature",
      "properties": {
        "@id": "way/1333007311",
        "highway": "footway"
      },
      "geometry": {
        "type": "LineString",
        "coordinates": [
          [
            -66.8919404,
            -29.4357441
          ],
          [
            -66.8918552,
            -29.4357437
          ]
        ]
      },
      "id": "way/1333007311"
    },
    {
      "type": "Feature",
      "properties": {
        "@id": "way/1333007313",
        "highway": "footway"
      },
      "geometry": {
        "type": "LineString",
        "coordinates": [
          [
            -66.8920022,
            -29.4358064
          ],
          [
            -66.8919404,
            -29.4357441
          ],
          [
            -66.8919561,
            -29.4356395
          ]
        ]
      },
      "id": "way/1333007313"
    },
    {
      "type": "Feature",
      "properties": {
        "@id": "way/1341790907",
        "addr:inclusion": "actual",
        "addr:interpolation": "odd"
      },
      "geometry": {
        "type": "LineString",
        "coordinates": [
          [
            -67.4744477,
            -45.8427037
          ],
          [
            -67.475883,
            -45.8433531
          ]
        ]
      },
      "id": "way/1341790907"
    },
    {
      "type": "Feature",
      "properties": {
        "@id": "way/1375159205",
        "highway": "footway"
      },
      "geometry": {
        "type": "LineString",
        "coordinates": [
          [
            -58.4543982,
            -34.6712363
          ],
          [
            -58.4543695,
            -34.6717707
          ],
          [
            -58.4542958,
            -34.6719023
          ]
        ]
      },
      "id": "way/1375159205"
    },
    {
      "type": "Feature",
      "properties": {
        "@id": "way/1375159206",
        "highway": "footway"
      },
      "geometry": {
        "type": "LineString",
        "coordinates": [
          [
            -58.4540891,
            -34.6718649
          ],
          [
            -58.4541743,
            -34.6720481
          ],
          [
            -58.454233,
            -34.6722497
          ],
          [
            -58.4542704,
            -34.6725013
          ],
          [
            -58.4541865,
            -34.6727663
          ]
        ]
      },
      "id": "way/1375159206"
    },
    {
      "type": "Feature",
      "properties": {
        "@id": "way/1375159207",
        "highway": "footway"
      },
      "geometry": {
        "type": "LineString",
        "coordinates": [
          [
            -58.4530856,
            -34.6720797
          ],
          [
            -58.4531122,
            -34.671996
          ]
        ]
      },
      "id": "way/1375159207"
    },
    {
      "type": "Feature",
      "properties": {
        "@id": "way/1375159208",
        "highway": "footway"
      },
      "geometry": {
        "type": "LineString",
        "coordinates": [
          [
            -58.4537574,
            -34.6731478
          ],
          [
            -58.4539006,
            -34.6727206
          ]
        ]
      },
      "id": "way/1375159208"
    },
    {
      "type": "Feature",
      "properties": {
        "@id": "way/1432188722",
        "highway": "footway"
      },
      "geometry": {
        "type": "LineString",
        "coordinates": [
          [
            -58.4471331,
            -34.67426
          ],
          [
            -58.4476248,
            -34.67401
          ]
        ]
      },
      "id": "way/1432188722"
    },
    {
      "type": "Feature",
      "properties": {
        "@id": "way/1432188723",
        "highway": "footway"
      },
      "geometry": {
        "type": "LineString",
        "coordinates": [
          [
            -58.4460016,
            -34.6724342
          ],
          [
            -58.4460226,
            -34.6724233
          ],
          [
            -58.4463295,
            -34.6721733
          ],
          [
            -58.4465721,
            -34.6720842
          ]
        ]
      },
      "id": "way/1432188723"
    }
  ]
}